# 3ds Max Wavefront OBJ Exporter v0.97b - (c)2007 guruware
# File Created: 05.12.2019 22:33:22

mtllib ResinStone.mtl

#
# object Stone1
#

v  -4.4581 26.2383 -13.3150
v  -1.4987 19.3626 -15.6166
v  -6.3045 16.4799 -11.9496
v  -11.2673 29.4076 7.2986
v  -7.1164 27.1939 10.2891
v  -6.0197 29.8811 8.7365
v  -1.7324 26.8772 -15.2092
v  -7.2873 35.4877 3.6659
v  -2.8294 36.6713 3.4540
v  -5.7073 38.3996 0.7611
v  3.6283 40.1457 -2.3311
v  4.7250 36.6103 3.2859
v  7.4597 35.8653 -4.4704
v  -12.8345 20.4175 8.0647
v  -18.7932 20.6789 2.8201
v  -18.1192 15.9495 4.1309
v  -8.6497 34.1008 1.0377
v  -9.1821 32.8781 4.8651
v  -7.7449 35.6214 2.5426
v  -3.5216 40.8045 -2.6458
v  -5.0924 38.6286 -10.3338
v  -8.6971 34.2069 -9.1656
v  6.2627 37.2763 -5.1484
v  7.0592 35.3545 -5.6254
v  -1.6834 39.8774 -8.8080
v  -17.2115 23.9865 -1.2429
v  -18.8027 21.7928 0.5650
v  -16.6006 23.6423 4.4801
v  -2.6423 41.4657 -3.9011
v  -1.6210 41.5251 -5.0921
v  -3.2864 40.4120 -9.3143
v  0.0585 38.0596 1.9900
v  2.6655 39.8660 -1.1671
v  3.8902 36.1172 4.1650
v  4.0194 37.8331 1.8770
v  -9.0436 19.8244 -9.5141
v  -8.6583 23.7359 -9.7661
v  -15.7481 24.5302 4.9133
v  -12.0258 29.2023 -1.5202
v  1.4142 34.2663 -9.5695
v  -3.4103 35.2063 -12.3815
v  -4.2176 38.1334 -11.3662
v  -7.2778 34.9335 -10.3953
v  11.0725 30.3679 -4.3044
v  -12.0896 28.6840 6.9492
v  -11.2334 29.5591 1.4374
v  -14.2554 25.0311 6.6155
v  -1.1446 40.8068 -7.6257
v  -12.5994 29.1834 -6.3233
v  -15.2302 26.6123 -3.5805
v  -10.9782 30.2916 -2.7641
v  -7.6396 35.3595 -7.0085
v  -12.7895 28.0994 -6.6468
v  -14.8076 23.5611 -5.0778
v  -17.2264 23.7350 -2.4523
v  8.9407 29.5849 -6.9168
v  10.0486 31.3151 -5.2888
v  5.2975 33.7732 6.5632
v  0.0459 36.2972 4.1339
v  3.2503 30.6159 9.5070
v  -5.7841 33.8893 5.6019
v  -1.2456 17.8581 -15.3232
v  -11.1468 27.9782 8.0735
v  -2.3883 29.1672 -14.5868
v  -8.9661 32.9385 -9.4546
v  -1.9908 30.1389 -13.8616
v  2.5009 26.5973 -12.0149
v  -8.9865 32.9436 -1.9202
v  -2.5314 33.0949 6.9536
v  -19.1625 17.2405 2.9026
v  -19.2708 20.4231 1.5848
v  0.8033 19.0022 -16.8246
v  0.3021 22.0186 -16.6720
v  1.9513 19.5824 -17.0120
v  0.4647 41.0774 -3.1899
v  3.0212 40.4770 -3.9178
v  -12.0668 29.8357 -7.0623
v  -5.8950 37.7796 -3.8906
v  4.8640 28.0824 -9.6067
v  -3.0367 31.4773 -13.8793
v  -3.7361 33.8819 -12.9990
v  -8.5761 32.4661 5.9932
v  -9.9926 31.0212 6.6296
v  -6.8173 14.7169 -10.9217
v  -10.6413 30.8028 -0.9126
v  -1.4099 27.9650 -14.5528
v  -10.9174 16.0973 -6.3195
v  1.6547 29.2533 10.4698
v  5.9961 33.6717 5.5661
v  -10.5402 20.9796 -8.3435
v  3.9778 39.9123 -4.9955
v  -7.8127 22.9456 10.3248
v  -5.8379 25.0632 11.6057
v  -17.7678 15.1746 1.4684
v  -0.9387 24.4612 -15.8546
v  9.3848 33.0750 -5.2830
v  -0.7563 25.7586 -15.2906
v  -18.0681 15.5430 2.7922
v  4.0627 24.2090 -12.1556
v  8.5209 26.5427 -8.2338
v  -15.6833 12.1990 0.1751
v  -16.2261 12.7617 2.4356
v  8.0556 23.9235 -9.6719
v  6.7221 22.2883 -11.5111
v  -9.7956 19.9825 9.6768
v  -9.0440 20.5973 9.9616
v  2.2762 17.3835 -16.3031
v  2.8271 17.7063 -16.4073
v  -14.9405 12.1799 -1.0782
v  -14.8375 12.1873 -1.2275
v  1.6147 28.1650 11.1829
v  2.3509 28.5680 10.9741
v  4.5851 19.3458 -15.2471
v  4.7611 19.5612 -15.0055
v  3.8131 29.3231 10.4483
v  4.3568 29.5960 10.2335
v  -16.2655 12.8466 2.7075
v  -15.9890 14.3707 5.9920
v  10.8865 29.0660 -1.6737
v  8.2718 29.9436 4.7244
v  -9.5471 13.2768 -7.1538
v  -8.5131 13.4511 -8.4070
v  -5.9962 14.1563 -10.7686
v  -1.7202 15.8444 -13.5806
v  0.5621 27.5842 11.4705
v  -1.8421 26.2200 12.0347
v  4.3625 19.0579 -15.5908
v  -7.9038 21.5534 10.4513
v  -12.9697 17.4398 8.6049
v  -15.8121 14.7199 6.5600
v  8.1224 24.0026 -9.5865
v  -2.4805 25.8440 12.1509
v  -7.1325 13.6873 -10.0714
v  -7.4437 13.6455 -9.6681
v  5.1023 20.0654 -14.3249
v  -12.2070 12.7474 -4.1292
v  -13.8566 12.3452 -2.4344
v  7.1170 30.6367 8.2985
v  7.8610 30.1929 6.0024
v  -15.1617 12.1504 -0.7913
v  11.8183 28.8575 -3.6982
v  11.8960 28.8098 -3.9414
v  11.2438 27.9653 -4.9507
v  -12.2807 18.0179 8.9016
v  -10.8924 13.0107 -5.6201
v  -6.4452 13.9579 -10.5251
v  8.2176 24.1064 -9.4869
v  6.6844 30.6774 9.1009
v  6.5876 30.6781 9.2599
v  5.7673 30.2937 9.6510
v  1.0737 16.8963 -15.5428
v  0.5348 16.6774 -15.2037
v  -6.9702 22.3817 10.9635
v  10.9749 27.6326 -5.3286
v  -7.1346 13.6686 -10.1138
v  3.0543 17.8975 -16.3080
v  -10.8636 19.1560 9.3872
v  9.4078 25.7103 -7.4917
v  8.9610 25.1488 -8.1411
v  -16.2551 12.7970 2.5691
v  -5.9191 23.3722 11.6822
v  -4.7892 24.4259 12.4277
v  -4.5773 24.6050 12.5223
v  12.6527 18.1866 16.1176
v  12.0721 15.7653 17.2208
v  14.4534 15.9769 14.6337
v  15.8855 15.4912 11.3442
v  10.0521 23.6824 13.3409
v  11.0051 20.9966 15.4428
v  9.2992 23.3592 14.3280
v  9.1053 24.5388 13.5158
v  9.5410 24.6282 13.0269
v  11.0933 23.6487 8.1055
v  11.6813 23.0665 6.8962
v  11.4989 23.4067 6.8536
v  11.5729 23.3618 6.6234
v  11.9767 23.1689 5.4948
v  13.5133 20.7180 5.7992
v  12.6050 22.8876 3.7850
v  13.0334 22.7839 2.8348
v  17.1394 19.1580 -0.8319
v  15.3228 22.4000 -1.8251
v  15.4162 22.3137 -2.1883
v  16.6499 20.1832 -1.8823
v  15.2379 22.0171 -2.6252
v  15.1725 21.9311 -2.7294
v  17.3121 15.7269 -3.0029
v  14.9175 21.5317 -3.2938
v  12.9768 19.2223 -5.7978
v  17.0529 14.1491 -3.9972
v  12.8122 19.0034 -6.0667
v  12.5815 18.6810 -6.4818
v  15.5997 13.0365 -6.1383
v  12.2410 18.1700 -7.1803
v  13.2881 13.6422 -8.5379
v  10.6172 15.5405 -10.9836
v  11.0899 11.5615 -11.9424
v  9.7909 14.4168 -12.3939
v  9.3340 14.0580 -12.5304
v  10.1088 10.8328 -12.2362
v  9.0475 13.7412 -12.8411
v  7.8729 12.7214 -13.4308
v  6.6709 11.6074 -14.0536
v  6.6495 11.6511 -14.0653
v  6.6439 11.6462 -14.0681
v  5.3606 11.1342 -13.2374
v  5.6261 7.7362 -11.1527
v  4.7918 10.8802 -12.9355
v  4.1690 10.6342 -12.5261
v  4.5172 6.6262 -9.9726
v  0.7581 9.3773 -10.0635
v  -1.4896 8.5293 -8.4891
v  -1.3509 8.1311 -8.2919
v  -1.9356 8.3406 -8.2267
v  -4.3990 4.7279 -5.5470
v  -4.2003 7.3379 -7.0036
v  -5.6562 6.6527 -6.3168
v  -6.7060 6.1933 -5.7365
v  -4.9728 4.8874 -4.5710
v  -6.9589 6.2430 -5.2037
v  -7.3699 6.3677 -4.2306
v  -8.5351 6.9256 -0.9707
v  -7.3418 6.1244 0.0950
v  -8.8627 7.0798 -0.0607
v  -9.5461 7.5523 2.2070
v  -6.5400 5.6689 4.9691
v  -10.2058 7.9970 4.3681
v  -10.5803 8.3489 5.8386
v  -9.8094 7.9483 7.1600
v  -10.6669 8.5721 6.5261
v  -10.6222 8.8685 7.1797
v  -10.6309 9.4351 8.5817
v  -8.7952 7.4475 9.2901
v  -10.6765 9.9463 9.9082
v  -8.4788 8.5259 13.2304
v  -10.6996 10.3976 11.0511
v  -10.1736 10.8373 11.2738
v  -5.6114 9.8850 14.7898
v  -9.6289 11.4598 11.9137
v  -6.4598 14.0352 13.0739
v  -4.1413 11.9120 15.3040
v  -5.7702 14.6298 13.4101
v  -5.1746 15.1340 13.6775
v  -2.9824 17.0603 14.8346
v  0.3274 15.5489 17.7383
v  -0.9229 18.9781 16.1865
v  2.5110 16.6133 17.8017
v  -0.3663 19.3399 16.1687
v  1.0371 20.1889 15.9683
v  3.0361 20.0686 16.2911
v  2.5340 21.0707 15.6963
v  3.8039 21.7659 15.3361
v  6.4278 20.2943 16.2797
v  5.9470 22.9405 14.7318
v  8.0717 24.0425 13.9794
v  8.7665 24.3913 13.7049
v  6.0810 16.6017 17.9877
v  8.2262 17.6840 17.4534
v  11.8777 17.6122 16.9961
v  9.7224 16.4751 17.7809
v  12.5068 11.8595 15.0706
v  8.4387 15.9695 17.6298
v  10.8441 10.3681 14.3271
v  3.7976 15.6190 17.6443
v  5.1282 9.4665 13.4247
v  5.8840 6.5514 11.6052
v  12.1913 2.3362 7.8465
v  9.0784 2.6942 8.4443
v  3.8061 3.0501 9.1578
v  5.0507 2.1539 5.9111
v  12.4341 1.4040 5.7996
v  10.8551 1.1490 4.2637
v  14.6121 2.0654 7.0444
v  15.2329 2.8145 7.6384
v  13.0033 9.9478 13.6833
v  17.4656 6.4929 9.8332
v  15.5033 10.7114 11.7655
v  15.8750 14.4537 12.5995
v  17.3442 13.5083 10.7585
v  16.8853 15.6123 7.1468
v  18.3170 7.1653 9.1072
v  17.3122 9.3516 10.1785
v  17.1858 3.6832 7.7593
v  17.7540 9.6032 5.5642
v  16.4901 9.6092 1.9740
v  15.6205 4.1777 2.3660
v  16.1067 10.3796 -0.9024
v  16.9930 11.6835 1.5530
v  17.4262 13.7574 -0.0151
v  17.2222 14.0532 1.0211
v  17.3608 11.7765 2.6427
v  16.7937 14.8639 3.9789
v  16.6679 17.4646 3.2103
v  16.8519 18.3305 1.2775
v  17.5260 17.4107 -1.9763
v  17.2628 14.3972 -2.9295
v  16.4390 12.3138 -5.1367
v  15.3408 7.0402 -3.5500
v  14.4619 10.2851 -7.9910
v  13.8454 9.4293 -8.5038
v  10.6826 7.9081 -8.9168
v  7.8521 10.9310 -13.2112
v  5.6173 5.9481 -9.2098
v  10.5468 5.7659 -5.5039
v  4.5941 5.6006 -9.2315
v  0.0493 2.4310 -5.7003
v  0.6970 1.7884 -4.4552
v  -0.6179 2.5002 -4.7984
v  3.7718 -0.0584 1.2621
v  6.9789 0.7327 1.8775
v  8.4371 0.7394 3.0417
v  9.4073 1.0595 3.1404
v  12.6960 2.7650 2.3080
v  14.8492 6.2301 -2.6243
v  15.5324 5.0366 0.4860
v  16.4228 2.9334 7.1169
v  15.3707 6.0320 -1.4507
v  1.9353 1.3043 4.6010
v  -0.7459 2.4747 8.8110
v  -0.2070 2.1034 6.9204
v  1.5734 1.0965 3.6088
v  -3.8375 4.4655 10.8803
v  -7.4154 7.2559 12.7552
v  -2.5400 6.7402 12.7929
v  -2.8835 11.4183 15.5168
v  1.7847 8.0490 12.8066
v  -0.4476 13.8330 16.7843
v  -0.3772 3.0112 9.6690
v  -15.6811 12.1958 0.1747
v  -15.4186 11.8211 0.0119
v  -16.0505 12.4871 2.5415
v  -16.2235 12.7579 2.4329
v  8.0558 23.9230 -9.6624
v  8.1938 23.9132 -9.5767
v  7.8968 21.4406 -11.2153
v  6.7221 22.2884 -11.4998
v  -9.0400 20.5913 9.9515
v  -9.7917 19.9766 9.6669
v  -8.0200 19.7240 10.6062
v  0.7539 9.3836 -10.0537
v  -2.6575 11.8786 -10.1361
v  3.8313 14.4935 -14.9673
v  4.1643 10.6413 -12.5138
v  -7.3730 6.3723 -4.2266
v  -8.5376 6.9294 -0.9700
v  -11.5253 8.9341 -3.6373
v  11.7706 20.1966 -6.5674
v  9.7922 22.5148 -7.9582
v  2.2752 17.3850 -16.2870
v  2.8261 17.7078 -16.3911
v  3.7147 15.8034 -15.7774
v  12.2373 18.1755 -7.1733
v  10.6129 15.5471 -10.9728
v  8.6372 16.9503 -12.7812
v  -8.8650 7.0833 -0.0609
v  -11.4551 8.7091 -0.3259
v  -14.9386 12.1771 -1.0773
v  -14.8357 12.1845 -1.2265
v  -14.7235 11.6413 -1.1689
v  1.6189 28.1587 11.1715
v  1.4366 23.2619 14.3791
v  5.4871 25.4798 13.2314
v  2.3551 28.5617 10.9630
v  -4.2039 7.3433 -6.9968
v  -5.6597 6.6579 -6.3107
v  -8.2826 10.6735 -7.9165
v  -4.0687 9.1079 -7.9813
v  -8.5125 13.4503 -8.3988
v  -7.4434 13.6451 -9.6586
v  -7.3044 13.1075 -9.6720
v  7.8681 12.7287 -13.4176
v  4.9015 15.2332 -15.0022
v  7.6435 17.5855 -13.6266
v  9.0428 13.7483 -12.8285
v  -0.3656 19.3388 16.1523
v  1.0378 20.1879 15.9521
v  -1.4167 20.3344 15.5559
v  -5.1744 15.1336 13.6636
v  -2.9819 17.0596 14.8196
v  -6.2724 18.5605 11.9341
v  3.4996 17.2173 -16.0070
v  5.4112 18.8315 -14.9571
v  4.5843 19.3470 -15.2321
v  4.7603 19.5623 -14.9908
v  3.8172 29.3170 10.4377
v  7.6455 26.5635 12.3793
v  4.3608 29.5899 10.2231
v  13.3345 25.3685 -3.4827
v  -16.2629 12.8426 2.7045
v  -14.5192 13.2796 7.2666
v  -15.9858 14.3659 5.9858
v  -5.9148 23.3657 11.6703
v  -6.9660 22.3754 10.9523
v  -5.0215 21.0749 12.4256
v  -3.8259 23.8370 13.1663
v  -0.9221 18.9770 16.1701
v  13.0316 22.7866 2.8318
v  15.3201 22.4040 -1.8235
v  14.0280 24.7104 -2.5299
v  12.4212 23.3254 3.3768
v  10.8883 29.0633 -1.6722
v  8.2748 29.9392 4.7195
v  10.4929 26.3052 3.8991
v  -10.6316 9.4361 8.5729
v  -11.5659 11.1275 10.1901
v  -10.6232 8.8699 7.1723
v  -6.9998 16.6818 11.9664
v  -5.7700 14.6295 13.3965
v  -9.5464 13.2757 -7.1468
v  8.0721 24.0421 13.9652
v  8.7668 24.3908 13.6909
v  -13.6617 10.3747 -1.2715
v  -12.2057 12.7454 -4.1253
v  -10.8913 13.0092 -5.6147
v  -10.8598 8.8925 -4.6822
v  -13.2066 10.1492 -2.4287
v  -1.7206 15.8451 -13.5672
v  0.5341 16.6785 -15.1887
v  7.1206 30.6312 8.2900
v  6.6882 30.6717 9.0916
v  6.8066 30.1558 9.7004
v  8.8944 25.8251 12.6163
v  -5.9961 14.1562 -10.7581
v  12.5780 18.6863 -6.4755
v  12.9734 19.2275 -5.7923
v  14.9146 21.5361 -3.2907
v  0.5664 27.5779 11.4588
v  -1.8377 26.2135 12.0225
v  -0.8781 25.3729 12.7799
v  -15.1598 12.1475 -0.7907
v  4.3617 19.0592 -15.5754
v  5.3558 11.1414 -13.2243
v  4.7871 10.8873 -12.9228
v  5.1499 13.7927 -14.8505
v  -7.8998 21.5473 10.4406
v  -12.9660 17.4342 8.5961
v  -15.8088 14.7149 6.5533
v  -13.1556 13.3024 9.3455
v  -10.8597 19.1502 9.3776
v  2.5347 21.0697 15.6804
v  15.0631 22.2447 -2.7133
v  15.1697 21.9354 -2.7269
v  12.2995 27.8833 -3.3045
v  -10.6679 8.5737 6.5194
v  12.8087 19.0086 -6.0609
v  8.1227 24.0022 -9.5771
v  -10.1738 10.8376 11.2624
v  -9.6290 11.4599 11.9016
v  -10.8798 11.9495 11.0066
v  9.7862 14.4237 -12.3817
v  -2.4762 25.8374 12.1385
v  5.1017 20.0663 -14.3108
v  -7.1323 13.6870 -10.0616
v  -9.3020 7.8437 -5.9439
v  -6.9622 6.2480 -5.1988
v  -13.8550 12.3427 -2.4322
v  11.0925 23.6499 8.0972
v  11.4979 23.4082 6.8465
v  7.8642 30.1881 5.9962
v  -10.6770 9.9470 9.8981
v  3.8045 21.7650 15.3206
v  5.9475 22.9398 14.7168
v  9.3293 14.0651 -12.5180
v  7.3045 18.9502 -13.5070
v  11.8197 28.8554 -3.6947
v  11.2450 27.9635 -4.9459
v  11.8973 28.8077 -3.9377
v  12.9921 26.7358 -3.4551
v  15.4134 22.3178 -2.1863
v  6.6389 11.6536 -14.0542
v  6.6446 11.6585 -14.0514
v  -12.2770 18.0122 8.8925
v  -16.2525 12.7931 2.5663
v  -6.7094 6.1984 -5.7310
v  11.9755 23.1708 5.4891
v  11.5718 23.3634 6.6166
v  -10.6998 10.3979 11.0398
v  -1.4935 8.5352 -8.4808
v  -6.4451 13.9577 -10.5148
v  9.4084 25.7092 -7.4844
v  10.9760 27.6310 -5.3235
v  8.2179 24.1060 -9.4776
v  6.5914 30.6723 9.2504
v  5.7712 30.2878 9.6412
v  9.1055 24.5384 13.5021
v  1.0728 16.8976 -15.5274
v  -6.4597 14.0350 13.0606
v  15.2351 22.0213 -2.6228
v  -4.5729 24.5983 12.5095
v  -7.1344 13.6683 -10.1039
v  12.6034 22.8900 3.7810
v  -11.5691 8.8634 4.1404
v  -9.5480 7.5551 2.2046
v  9.5412 24.6280 13.0137
v  -10.2073 7.9992 4.3636
v  8.9615 25.1480 -8.1332
v  3.0533 17.8990 -16.2919
v  -1.9395 8.3464 -8.2187
v  -4.7848 24.4192 12.4151
v  -10.5815 8.3507 5.8326
# 500 vertices

vn -0.6017 0.0340 -0.7980
vn -0.5296 -0.1007 -0.8423
vn -0.6195 -0.1853 -0.7628
vn -0.5554 0.5691 0.6064
vn -0.3113 0.4361 0.8443
vn -0.1961 0.5762 0.7934
vn -0.1190 0.2431 -0.9627
vn -0.4321 0.7120 0.5535
vn -0.1035 0.7425 0.6618
vn -0.5126 0.7924 0.3307
vn 0.5075 0.8327 0.2214
vn 0.5309 0.7054 0.4696
vn 0.8084 0.5814 -0.0922
vn -0.5541 0.1393 0.8207
vn -0.8348 0.2574 0.4868
vn -0.8211 -0.2721 0.5018
vn -0.8291 0.5557 -0.0618
vn -0.7271 0.6244 0.2854
vn -0.7767 0.6116 0.1509
vn -0.4316 0.8639 0.2598
vn -0.6459 0.6357 -0.4228
vn -0.8111 0.4934 -0.3142
vn 0.7023 0.5775 -0.4162
vn 0.5868 0.4306 -0.6858
vn 0.4495 0.5050 -0.7368
vn -0.7883 0.6151 0.0149
vn -0.9453 0.2474 -0.2128
vn -0.7879 0.3962 0.4714
vn -0.2873 0.9487 0.1320
vn 0.0339 0.9941 -0.1030
vn -0.1444 0.8382 -0.5260
vn -0.0036 0.8168 0.5769
vn 0.1481 0.8760 0.4591
vn 0.1617 0.7420 0.6506
vn 0.3219 0.8116 0.4875
vn -0.6884 -0.0879 -0.7200
vn -0.6210 -0.0433 -0.7826
vn -0.7556 0.5791 0.3061
vn -0.7108 0.6983 0.0847
vn 0.5169 0.3481 -0.7821
vn 0.3735 0.3848 -0.8441
vn -0.0408 0.5071 -0.8609
vn -0.6383 0.2844 -0.7153
vn 0.8867 0.4150 -0.2037
vn -0.7521 0.5192 0.4059
vn -0.7926 0.6077 0.0496
vn -0.6579 0.2137 0.7221
vn 0.2830 0.8395 -0.4638
vn -0.8240 0.5382 -0.1774
vn -0.7936 0.5918 -0.1415
vn -0.7486 0.6616 0.0433
vn -0.8246 0.5593 0.0852
vn -0.7322 0.1511 -0.6642
vn -0.7032 -0.0868 -0.7057
vn -0.8769 0.1782 -0.4464
vn 0.5844 0.2635 -0.7675
vn 0.7392 0.2367 -0.6305
vn 0.3550 0.7254 0.5897
vn -0.0221 0.7312 0.6818
vn -0.0086 0.6373 0.7706
vn -0.1787 0.6562 0.7331
vn -0.4001 -0.4119 -0.8187
vn -0.5006 0.2705 0.8223
vn -0.0639 0.2613 -0.9631
vn -0.6783 0.1742 -0.7138
vn 0.5281 0.3693 -0.7647
vn 0.5668 0.3789 -0.7315
vn -0.8229 0.5673 -0.0316
vn -0.1065 0.6462 0.7557
vn -0.9717 -0.1810 0.1520
vn -0.9853 0.0868 -0.1472
vn -0.2683 -0.2437 -0.9320
vn -0.0062 0.2449 -0.9695
vn 0.2471 0.0979 -0.9640
vn 0.1274 0.9581 0.2566
vn 0.3420 0.9381 -0.0548
vn -0.8193 0.4142 -0.3964
vn -0.8013 0.5970 -0.0392
vn 0.5051 0.3400 -0.7933
vn -0.0501 0.2854 -0.9571
vn -0.2205 0.2945 -0.9299
vn -0.3538 0.6526 0.6700
vn -0.4719 0.6359 0.6107
vn -0.8025 -0.1919 -0.5650
vn -0.8092 0.5874 0.0090
vn 0.5253 0.3808 -0.7609
vn -0.7121 -0.1945 -0.6746
vn -0.0741 0.5874 0.8059
vn 0.7350 0.5956 0.3241
vn -0.6532 -0.1103 -0.7491
vn 0.5778 0.7363 -0.3521
vn -0.5287 0.0706 0.8459
vn -0.5475 0.1256 0.8273
vn 0.3316 -0.7979 -0.5034
vn -0.2385 0.2095 -0.9483
vn 0.7552 0.4878 -0.4379
vn 0.4478 0.3989 -0.8002
vn -0.8349 -0.5483 0.0486
vn 0.5440 0.4448 -0.7115
vn 0.6068 0.2662 -0.7490
vn -0.2859 -0.9581 -0.0197
vn -0.2244 -0.9551 0.1936
vn -0.5782 0.7974 0.1727
vn -0.0085 0.7400 -0.6726
vn 0.0038 0.7635 -0.6457
vn -0.6571 0.6445 0.3911
vn -0.6773 0.6248 0.3884
vn 0.2542 -0.8483 -0.4646
vn 0.5118 -0.6858 -0.5174
vn -0.7762 0.3303 -0.5370
vn -0.2407 -0.9345 -0.2623
vn 0.3569 -0.1890 0.9148
vn 0.3827 -0.1649 0.9090
vn 0.0022 0.7542 -0.6566
vn 0.9025 -0.2681 -0.3370
vn 0.4146 -0.1538 0.8969
vn 0.4338 -0.1485 0.8887
vn -0.2136 -0.9134 0.3466
vn -0.1820 -0.8421 0.5077
vn 0.2490 0.9683 -0.0215
vn 0.2657 0.9627 -0.0508
vn -0.7394 0.3583 -0.5700
vn -0.2133 -0.9255 -0.3129
vn -0.5606 0.1454 -0.8153
vn -0.5895 0.1395 -0.7956
vn 0.3230 -0.1750 0.9301
vn 0.3024 -0.1813 0.9358
vn 0.8507 -0.3304 -0.4088
vn -0.6953 0.6097 0.3805
vn -0.1008 -0.4804 0.8712
vn -0.2215 -0.5834 0.7814
vn -0.0145 0.7215 -0.6923
vn 0.2873 -0.2007 0.9366
vn -0.8371 0.3383 -0.4298
vn -0.7503 0.3495 -0.5611
vn 0.0345 0.7900 -0.6121
vn -0.7176 0.3452 -0.6049
vn -0.1847 -0.9242 -0.3344
vn 0.8971 -0.1269 0.4233
vn 0.9195 -0.2038 0.3362
vn -0.2589 -0.9358 -0.2393
vn 0.9098 -0.1665 0.3803
vn 0.9837 -0.1747 -0.0418
vn 0.8813 -0.4033 -0.2462
vn 0.0197 -0.4511 0.8922
vn -0.7291 0.3681 -0.5770
vn 0.1975 -0.9178 -0.3444
vn 0.8492 -0.3439 -0.4008
vn 0.8562 -0.1114 0.5046
vn 0.6305 0.0140 0.7761
vn 0.4573 -0.1037 0.8832
vn -0.5777 0.1875 -0.7944
vn 0.1464 -0.9313 -0.3335
vn -0.7446 0.5718 0.3445
vn 0.8710 -0.4221 -0.2515
vn -0.5598 -0.8260 -0.0657
vn 0.7037 -0.5872 -0.3999
vn 0.0596 -0.4193 0.9059
vn 0.1446 0.6938 -0.7055
vn 0.1830 0.7083 -0.6818
vn -0.2419 -0.9398 0.2414
vn -0.0516 -0.5410 0.8394
vn -0.0370 -0.4776 0.8778
vn 0.1070 -0.2596 0.9598
vn 0.7216 0.4024 0.5633
vn 0.4442 -0.1682 0.8800
vn 0.8313 0.1400 0.5380
vn 0.8211 0.5045 0.2670
vn 0.7305 0.5623 0.3874
vn 0.4811 0.5537 0.6797
vn 0.2786 0.5668 0.7753
vn -0.0088 0.9512 0.3084
vn 0.2237 0.9697 0.0985
vn 0.9251 -0.1882 0.3298
vn 0.8323 0.5227 0.1846
vn 0.2527 0.9618 -0.1050
vn 0.9173 -0.1899 0.3501
vn 0.9155 -0.1716 0.3639
vn 0.7993 0.5648 0.2053
vn 0.9063 -0.1408 0.3986
vn 0.8938 -0.1435 0.4250
vn 0.9284 0.3482 0.1296
vn 0.2533 0.9656 -0.0593
vn 0.3279 0.8736 -0.3595
vn 0.8631 0.4048 -0.3021
vn 0.1620 0.7483 -0.6433
vn 0.9060 -0.3546 -0.2313
vn 0.8949 0.1260 -0.4281
vn 0.1728 0.7257 -0.6659
vn 0.8858 -0.3684 -0.2822
vn 0.9125 0.0179 -0.4087
vn 0.9039 -0.3459 -0.2515
vn 0.9149 -0.3308 -0.2314
vn 0.7519 0.2006 -0.6280
vn 0.9248 -0.3217 -0.2033
vn 0.7476 0.2410 -0.6189
vn 0.1733 0.7392 -0.6508
vn 0.6020 -0.0781 -0.7946
vn 0.1047 0.5913 -0.7996
vn 0.7107 -0.5246 -0.4687
vn 0.3967 -0.4146 -0.8190
vn 0.0845 0.5747 -0.8140
vn 0.7097 -0.5750 -0.4070
vn 0.1293 -0.3643 -0.9223
vn -0.0418 0.5389 -0.8413
vn -0.2588 0.2422 -0.9351
vn 0.1659 -0.9196 -0.3561
vn 0.0445 -0.6540 -0.7552
vn -0.5478 0.1728 -0.8186
vn -0.5986 0.1766 -0.7813
vn -0.1679 -0.5993 -0.7827
vn 0.1169 -0.9367 -0.3300
vn 0.1369 -0.9255 -0.3530
vn -0.3103 -0.4811 -0.8199
vn 0.1853 -0.9054 -0.3821
vn -0.4103 -0.7337 -0.5416
vn 0.2013 -0.8976 -0.3922
vn -0.5186 0.2071 -0.8295
vn -0.7799 -0.0827 -0.6205
vn -0.5049 -0.8583 -0.0915
vn -0.9143 -0.0507 -0.4019
vn -0.9364 -0.0593 -0.3459
vn -0.0037 -0.9860 0.1667
vn -0.5155 -0.8568 -0.0143
vn -0.9525 -0.0618 -0.2981
vn -0.0085 -0.9799 0.1995
vn -0.5186 -0.8545 0.0314
vn -0.9654 -0.0548 -0.2548
vn -0.9785 -0.0416 -0.2022
vn -0.6387 -0.7548 0.1495
vn -0.9968 0.0469 -0.0649
vn -0.1347 -0.9112 0.3894
vn -0.1521 -0.9227 0.3541
vn -0.6456 -0.7467 0.1599
vn -0.9889 0.1281 -0.0749
vn -0.6326 -0.3238 0.7035
vn -0.9482 0.2272 0.2220
vn -0.0879 -0.4691 0.8788
vn -0.2968 -0.2073 0.9322
vn -0.7985 0.4650 0.3822
vn -0.0237 -0.4384 0.8984
vn -0.4289 0.0417 0.9024
vn -0.6974 0.6465 0.3093
vn -0.0462 -0.4536 0.8900
vn -0.0705 -0.4770 0.8761
vn -0.2411 -0.0760 0.9675
vn -0.6047 0.6655 0.4377
vn -0.0646 0.1647 0.9842
vn -0.4611 0.7845 0.4147
vn -0.4301 0.8133 0.3918
vn -0.0676 0.4494 0.8908
vn -0.3867 0.8411 0.3782
vn 0.3743 -0.2188 0.9011
vn 0.0212 0.4658 0.8847
vn -0.3371 0.8654 0.3707
vn -0.3166 0.8771 0.3611
vn -0.2509 0.9024 0.3504
vn 0.0252 0.0208 0.9995
vn 0.0699 0.3352 0.9395
vn 0.4177 0.3036 0.8564
vn 0.0825 -0.0321 0.9961
vn 0.3879 -0.4215 0.8197
vn 0.0373 -0.2580 0.9654
vn 0.0541 -0.5625 0.8250
vn 0.0051 -0.3870 0.9221
vn 0.0128 -0.5454 0.8381
vn 0.0532 -0.5748 0.8165
vn 0.0603 -0.7834 0.6186
vn 0.0101 -0.7987 0.6016
vn 0.0728 -0.8130 0.5777
vn 0.0143 -0.9390 0.3437
vn 0.1978 -0.9783 0.0609
vn 0.1875 -0.9807 -0.0560
vn 0.3147 -0.9176 0.2427
vn 0.2383 -0.6801 0.6934
vn 0.3621 -0.4775 0.8005
vn 0.5502 -0.3929 0.7368
vn 0.6452 -0.1517 0.7488
vn 0.8275 0.0892 0.5543
vn 0.9067 0.1669 0.3873
vn 0.9254 0.3687 0.0879
vn 0.9532 -0.1456 0.2651
vn 0.6164 -0.0911 0.7821
vn 0.7540 -0.5972 0.2736
vn 0.9822 -0.0319 -0.1850
vn 0.9415 -0.2242 -0.2514
vn 0.7377 -0.5919 -0.3248
vn 0.9643 -0.2384 -0.1155
vn 0.9458 -0.2383 -0.2207
vn 0.9918 -0.1249 0.0280
vn 0.9909 0.0437 0.1269
vn 0.9878 -0.0406 -0.1501
vn 0.9939 0.1082 0.0194
vn 0.9266 0.3260 0.1876
vn 0.9189 0.3131 0.2402
vn 0.9632 0.1629 -0.2140
vn 0.9793 -0.1582 -0.1265
vn 0.9212 -0.1187 -0.3706
vn 0.7775 -0.5327 -0.3341
vn 0.7753 -0.1012 -0.6234
vn 0.6612 -0.4165 -0.6239
vn 0.3640 -0.7311 -0.5771
vn 0.2869 -0.5690 -0.7707
vn 0.2628 -0.7625 -0.5911
vn 0.3510 -0.8190 -0.4540
vn 0.0915 -0.7226 -0.6852
vn -0.2124 -0.7892 -0.5763
vn -0.1120 -0.9478 -0.2987
vn -0.4602 -0.8756 -0.1470
vn -0.0338 -0.9982 -0.0502
vn 0.3021 -0.8668 -0.3966
vn 0.1657 -0.9862 -0.0012
vn 0.3314 -0.8621 -0.3833
vn 0.3854 -0.8467 -0.3667
vn 0.4559 -0.7874 -0.4149
vn 0.7878 -0.5402 -0.2958
vn 0.5669 -0.8205 0.0738
vn 0.8531 -0.4418 -0.2776
vn -0.0177 -0.9502 0.3111
vn -0.2185 -0.9285 0.3002
vn -0.3684 -0.9269 0.0711
vn -0.3511 -0.9290 0.1172
vn -0.3083 -0.8244 0.4747
vn -0.4163 -0.7167 0.5596
vn 0.0376 -0.5666 0.8231
vn -0.0594 -0.3806 0.9228
vn 0.1039 -0.4775 0.8724
vn -0.0248 -0.4872 0.8730
vn 0.0156 -0.7535 0.6573
vn -0.9341 0.1395 -0.3285
vn -0.7649 -0.6173 -0.1841
vn -0.7503 -0.6497 0.1223
vn -0.9520 0.1626 -0.2595
vn 0.8759 -0.3060 -0.3729
vn 0.6528 0.3248 -0.6844
vn 0.6593 0.3933 -0.6409
vn 0.8970 -0.2671 -0.3522
vn 0.0448 -0.4779 0.8773
vn 0.0607 -0.4204 0.9053
vn -0.4846 0.1699 0.8581
vn -0.6157 0.1860 -0.7657
vn -0.2865 -0.5425 -0.7897
vn -0.1444 -0.4739 -0.8687
vn 0.1220 -0.9357 -0.3311
vn -0.0151 -0.9907 0.1352
vn -0.9427 -0.0532 -0.3295
vn -0.6455 -0.7253 -0.2393
vn 0.7152 0.2772 -0.6416
vn 0.7512 0.2467 -0.6122
vn -0.4648 0.1961 -0.8634
vn -0.1470 0.3688 -0.9178
vn 0.1497 -0.3537 -0.9233
vn 0.1584 0.7735 -0.6137
vn 0.9209 -0.3349 -0.1996
vn 0.7238 0.2204 -0.6539
vn -0.0130 -0.9839 0.1781
vn -0.5705 -0.8213 -0.0088
vn -0.2463 -0.9344 -0.2572
vn -0.7705 0.3229 -0.5497
vn -0.7752 -0.3998 -0.4891
vn -0.3809 0.8631 0.3315
vn -0.0864 0.5048 0.8589
vn -0.0003 0.5452 0.8383
vn -0.3591 0.8718 0.3332
vn -0.5102 0.2190 -0.8317
vn 0.2123 -0.8988 -0.3835
vn -0.4990 -0.3534 -0.7913
vn -0.2289 -0.4891 -0.8417
vn -0.7409 0.3578 -0.5683
vn -0.2259 -0.9256 -0.3037
vn -0.5206 -0.3755 -0.7668
vn -0.0412 0.5386 -0.8415
vn 0.3853 -0.1319 -0.9133
vn 0.6072 0.1131 -0.7864
vn 0.7645 -0.5108 -0.3932
vn 0.2671 -0.2880 0.9196
vn 0.3074 -0.2502 0.9181
vn -0.3824 0.3097 0.8705
vn -0.7016 0.6422 0.3088
vn -0.7374 0.6029 0.3046
vn -0.5602 0.1728 0.8101
vn 0.4874 -0.0603 -0.8711
vn 0.5420 0.2237 -0.8100
vn 0.8884 -0.2915 -0.3545
vn 0.0355 0.7675 -0.6400
vn -0.3313 0.8886 0.3172
vn 0.1203 0.5913 0.7974
vn -0.3207 0.8945 0.3115
vn 0.7785 0.2329 -0.5829
vn -0.9908 0.1338 -0.0200
vn -0.7433 -0.5275 0.4115
vn -0.9828 0.1686 0.0752
vn -0.7561 0.5640 0.3322
vn -0.0401 -0.5175 0.8547
vn -0.6034 0.1019 0.7909
vn -0.3945 0.3203 0.8613
vn 0.0121 -0.3791 0.9253
vn 0.1892 0.9819 0.0055
vn 0.9215 -0.1410 0.3619
vn 0.8781 0.4784 -0.0105
vn 0.8038 0.5273 0.2752
vn 0.8893 -0.1813 0.4198
vn 0.9143 -0.1950 0.3551
vn 0.8421 0.4800 0.2460
vn -0.9919 0.1141 -0.0567
vn -0.7416 -0.4237 0.5201
vn -0.9935 0.1129 -0.0113
vn -0.5054 0.2222 0.8338
vn -0.0326 -0.4501 0.8924
vn -0.2100 -0.9211 -0.3279
vn 0.4320 -0.1907 0.8815
vn 0.4768 -0.1540 0.8654
vn -0.6767 -0.7320 -0.0793
vn -0.1902 -0.9178 -0.3484
vn -0.1993 -0.9203 -0.3366
vn -0.7365 -0.3608 -0.5722
vn -0.7456 -0.5226 -0.4135
vn 0.1406 -0.9423 -0.3038
vn -0.5994 0.1570 -0.7849
vn 0.2454 0.9686 -0.0397
vn 0.1386 0.9895 0.0417
vn 0.4038 0.6646 0.6287
vn 0.5805 0.6010 0.5493
vn 0.1931 -0.9205 -0.3396
vn 0.1307 0.7595 -0.6373
vn 0.1079 0.7085 -0.6974
vn 0.8932 -0.3626 -0.2660
vn -0.3887 0.8601 0.3304
vn -0.4257 0.8471 0.3180
vn -0.1277 0.5362 0.8344
vn -0.8325 0.2460 -0.4964
vn 0.0447 0.5787 -0.8143
vn -0.5433 0.1777 -0.8205
vn 0.1692 -0.9205 -0.3522
vn 0.1140 -0.2645 -0.9576
vn -0.0123 -0.4960 0.8682
vn -0.7107 0.6156 0.3405
vn -0.9150 0.3212 0.2442
vn -0.6947 -0.0852 0.7142
vn -0.6455 0.6668 0.3724
vn 0.3355 -0.2224 0.9154
vn 0.7666 0.3236 -0.5547
vn 0.1753 0.7434 -0.6454
vn 0.8271 0.5039 0.2491
vn -0.1343 -0.9207 0.3663
vn 0.1138 0.7435 -0.6589
vn 0.8485 -0.3390 -0.4063
vn -0.8114 0.4560 0.3656
vn -0.0651 -0.4782 0.8758
vn -0.5788 -0.0102 0.8154
vn 0.7619 -0.4591 -0.4568
vn -0.4396 0.8404 0.3170
vn 0.9152 -0.2495 -0.3164
vn -0.5967 -0.8009 0.0496
vn -0.5568 -0.6131 -0.5604
vn -0.0087 -0.9945 0.1045
vn -0.7352 0.3278 -0.5933
vn 0.2524 0.9619 -0.1047
vn 0.9194 -0.2039 0.3363
vn 0.2528 0.9618 -0.1049
vn -0.1526 -0.9227 0.3542
vn -0.3670 0.8570 0.3617
vn 0.3879 -0.2060 0.8984
vn 0.0672 0.5572 -0.8277
vn 0.6344 0.3613 -0.6834
vn 0.2491 0.9672 -0.0504
vn 0.1403 0.6991 -0.7011
vn 0.3705 0.8423 -0.3914
vn 0.8750 0.3792 -0.3010
vn 0.9871 -0.1594 -0.0121
vn 0.3979 -0.7306 -0.5550
vn 0.7076 -0.5758 -0.4096
vn -0.6675 0.6484 0.3661
vn -0.9743 0.1454 -0.1723
vn 0.0271 -0.9590 -0.2822
vn 0.2347 0.9687 -0.0807
vn 0.2520 0.9631 -0.0949
vn -0.2666 -0.5913 0.7611
vn -0.5784 0.1851 -0.7945
vn -0.5414 0.1760 -0.8222
vn 0.8713 -0.4221 -0.2503
vn 0.1335 0.6922 -0.7092
vn 0.1776 0.7085 -0.6830
vn 0.0183 0.9726 0.2319
vn -0.3100 0.9004 0.3052
vn 0.6114 -0.1024 0.7847
vn 0.1631 -0.9266 -0.3388
vn -0.6805 0.6535 0.3315
vn 0.9179 -0.3281 -0.2231
vn -0.5735 0.7113 0.4063
vn -0.7354 0.1244 -0.6662
vn 0.2124 0.9756 -0.0561
vn -0.6052 -0.7926 0.0751
vn -0.9589 -0.0521 -0.2789
vn 0.8637 -0.0973 0.4945
vn -0.0176 -0.9775 0.2104
vn 0.8859 -0.4047 -0.2268
vn -0.0249 0.5157 -0.8564
vn -0.5523 0.2036 -0.8084
vn -0.7302 0.5897 0.3451
vn -0.0834 -0.9578 0.2750
# 501 vertex normals

vt 0.1543 0.4920 -0.0338
vt 0.1178 0.5332 -0.0338
vt 0.0858 0.5000 -0.0338
vt 0.1310 0.3289 -0.0338
vt 0.1240 0.2917 -0.0338
vt 0.1482 0.2955 -0.0338
vt 0.0444 0.7558 0.0000
vt 0.0249 0.8019 0.0000
vt 0.0242 0.7466 0.0000
vt 0.1369 0.5873 0.0000
vt 0.1463 0.6165 0.0000
vt 0.1177 0.6104 0.0000
vt 0.1333 0.6711 0.0000
vt 0.1726 0.6603 0.0000
vt 0.1450 0.7071 0.0000
vt 0.0702 0.3265 -0.0338
vt 0.0730 0.3744 -0.0338
vt 0.0459 0.3733 -0.0338
vt 0.1771 0.3601 -0.0338
vt 0.1622 0.3362 -0.0338
vt 0.1870 0.3474 -0.0338
vt 0.0996 0.6388 0.0000
vt 0.0652 0.6809 0.0000
vt 0.0298 0.6703 0.0000
vt 0.1364 0.7020 0.0000
vt 0.1381 0.7129 0.0000
vt 0.0834 0.6776 0.0000
vt 0.0981 0.3923 -0.0338
vt 0.0812 0.3855 -0.0338
vt 0.0900 0.3600 -0.0338
vt 0.1005 0.6491 0.0000
vt 0.1003 0.6597 0.0000
vt 0.0798 0.6778 0.0000
vt 0.1446 0.6387 0.0000
vt 0.1355 0.6635 0.0000
vt 0.1748 0.6523 0.0000
vt 0.1601 0.6603 0.0000
vt 0.0985 0.4694 -0.0338
vt 0.1242 0.4634 -0.0338
vt 0.0961 0.3553 -0.0338
vt 0.1418 0.3853 -0.0338
vt 0.0902 0.7142 0.0000
vt 0.0508 0.6986 0.0000
vt 0.0671 0.6879 0.0000
vt 0.0388 0.6804 0.0000
vt 0.1698 0.7398 0.0000
vt 0.1252 0.3336 -0.0338
vt 0.1423 0.3655 -0.0338
vt 0.1000 0.3418 -0.0338
vt 0.0922 0.6751 0.0000
vt 0.1440 0.4169 -0.0338
vt 0.1191 0.4026 -0.0338
vt 0.1528 0.3914 -0.0338
vt 0.1980 0.4135 -0.0338
vt 0.1898 0.4304 -0.0338
vt 0.1376 0.4208 -0.0338
vt 0.1050 0.4184 -0.0338
vt 0.0981 0.3994 -0.0338
vt 0.1450 0.7509 0.0000
vt 0.1577 0.7370 0.0000
vt 0.1977 0.6525 0.0000
vt 0.1605 0.6310 0.0000
vt 0.2161 0.6258 0.0000
vt 0.1566 0.5881 0.0000
vt 0.1077 0.5370 -0.0338
vt 0.1218 0.3237 -0.0338
vt 0.0452 0.7405 0.0000
vt 0.0219 0.6824 0.0000
vt 0.0516 0.7356 0.0000
vt 0.0812 0.7654 0.0000
vt 0.1736 0.3818 -0.0338
vt 0.1763 0.6025 0.0000
vt 0.0559 0.3795 -0.0338
vt 0.0725 0.3816 -0.0338
vt 0.0404 0.8114 0.0000
vt 0.0456 0.7922 0.0000
vt 0.0487 0.8112 0.0000
vt 0.1162 0.6605 0.0000
vt 0.1269 0.6751 0.0000
vt 0.1815 0.4348 -0.0338
vt 0.1503 0.4209 -0.0338
vt 0.2407 0.3748 -0.0338
vt 0.2152 0.3881 -0.0338
vt 0.2133 0.3547 -0.0338
vt 0.1077 0.7589 0.0000
vt 0.0459 0.7245 0.0000
vt 0.0461 0.7063 0.0000
vt 0.1602 0.3268 -0.0338
vt 0.1452 0.3284 -0.0338
vt 0.0716 0.4977 -0.0338
vt 0.1545 0.3786 -0.0338
vt 0.0505 0.7503 0.0000
vt 0.1865 0.3388 -0.0338
vt 0.0667 0.4551 -0.0338
vt 0.1549 0.5672 0.0000
vt 0.1854 0.5702 0.0000
vt 0.2199 0.6103 0.0000
vt 0.1960 0.6631 0.0000
vt 0.1015 0.4550 -0.0338
vt 0.1264 0.6843 0.0000
vt 0.0924 0.2897 -0.0338
vt 0.1112 0.2756 -0.0338
vt 0.0449 0.3925 -0.0338
vt 0.0441 0.7736 0.0000
vt 0.1529 0.7268 0.0000
vt 0.0498 0.7659 0.0000
vt 0.0224 0.8137 0.0000
vt 0.0446 0.3830 -0.0338
vt 0.0872 0.7836 0.0000
vt 0.1339 0.7723 0.0000
vt 0.0245 0.4090 -0.0338
vt 0.0200 0.3886 -0.0338
vt 0.0368 0.3906 -0.0338
vt 0.1185 0.7917 0.0000
vt 0.1010 0.8011 0.0000
vt 0.0688 0.3017 -0.0338
vt 0.0737 0.2962 -0.0338
vt 0.0445 0.8258 0.0000
vt 0.0495 0.8253 -0.1479
vt 0.0289 0.4193 -0.0338
vt 0.0292 0.4204 -0.0338
vt 0.2272 0.6056 0.0000
vt 0.2271 0.6115 0.0000
vt 0.0682 0.8188 0.0000
vt 0.0710 0.8173 0.0000
vt 0.2270 0.6233 0.0000
vt 0.2269 0.6281 0.0000
vt 0.0204 0.3868 -0.0338
vt 0.0292 0.3580 -0.0338
vt 0.1885 0.7318 0.0000
vt 0.2122 0.6886 0.0000
vt 0.0513 0.4710 -0.0338
vt 0.0560 0.4813 -0.0338
vt 0.0678 0.5033 -0.0338
vt 0.0891 0.5338 0.0338
vt 0.2273 0.5973 0.0000
vt 0.2276 0.5785 0.1479
vt 0.0648 0.8208 0.0000
vt 0.0822 0.2882 -0.0338
vt 0.0488 0.3258 -0.0338
vt 0.0309 0.3533 -0.0338
vt 0.1216 0.7904 0.0000
vt 0.1257 0.2534 -0.0338
vt 0.1304 0.2504 0.0338
vt 0.0627 0.4947 -0.0338
vt 0.0611 0.4915 -0.0338
vt 0.0773 0.8141 0.0000
vt 0.0396 0.4451 -0.0338
vt 0.0326 0.4300 -0.0338
vt 0.2238 0.6608 0.0000
vt 0.2173 0.6781 0.0000
vt 0.0282 0.4171 -0.0338
vt 0.1790 0.7466 0.0000
vt 0.1761 0.7500 0.0000
vt 0.1671 0.7586 0.0000
vt 0.0529 0.3203 -0.0338
vt 0.0453 0.4579 -0.0338
vt 0.0658 0.5001 -0.0338
vt 0.1252 0.7891 0.0000
vt 0.2256 0.6527 0.0000
vt 0.2257 0.6487 0.0000
vt 0.2263 0.6401 0.0000
vt 0.0342 0.8260 0.0000
vt 0.0298 0.8260 0.0000
vt 0.0896 0.2813 -0.0338
vt 0.1628 0.7627 0.0000
vt 0.0627 0.4950 -0.0338
vt 0.0523 0.8248 0.0000
vt 0.0619 0.3093 -0.0338
vt 0.1440 0.7772 0.0000
vt 0.1370 0.7815 0.0000
vt 0.0202 0.3877 -0.0338
vt 0.0987 0.2733 -0.0338
vt 0.1085 0.2648 -0.0338
vt 0.1102 0.2635 -0.0338
vt 0.0106 0.8273 0.0000
vt 0.5001 0.4421 0.0284
vt 0.4963 0.4410 0.0284
vt 0.4949 0.4396 0.0284
vt 0.4873 0.4309 0.0284
vt 0.4863 0.4280 0.0284
vt 0.4855 0.4259 0.0284
vt 0.4843 0.4204 0.0284
vt 0.4778 0.3972 0.0284
vt 0.4717 0.3811 0.0284
vt 0.4703 0.3777 0.0284
vt 0.4683 0.3735 0.0284
vt 0.4655 0.3616 0.0284
vt 0.4635 0.3555 0.0284
vt 0.4564 0.3351 0.0284
vt 0.4552 0.3315 0.0284
vt 0.4524 0.3222 -0.0284
vt 0.4534 0.3209 0.0284
vt 0.4636 0.3103 0.0284
vt 0.4936 0.2756 0.0284
vt 0.4989 0.2683 0.0284
vt 0.5083 0.2551 0.0284
vt 0.5128 0.2512 0.0284
vt 0.5137 0.2504 0.0284
vt 0.5202 0.2507 0.0284
vt 0.5312 0.2517 0.0284
vt 0.5354 0.2521 0.0284
vt 0.5467 0.2537 0.0284
vt 0.5523 0.2549 0.0284
vt 0.5602 0.2567 0.0284
vt 0.5782 0.2614 0.0284
vt 0.5829 0.2629 0.0284
vt 0.5983 0.2678 0.0284
vt 0.6010 0.2691 0.0284
vt 0.6075 0.2783 0.0284
vt 0.6135 0.2870 0.0284
vt 0.6191 0.2939 0.0284
vt 0.6262 0.3014 0.0284
vt 0.6309 0.3061 0.0284
vt 0.6379 0.3120 0.0284
vt 0.6469 0.3204 0.0284
vt 0.6512 0.3250 0.0284
vt 0.6673 0.3493 0.0284
vt 0.6675 0.3538 0.0284
vt 0.6633 0.3774 0.0284
vt 0.6631 0.3784 -0.0284
vt 0.6628 0.3793 0.0284
vt 0.6547 0.3926 0.0284
vt 0.6492 0.3972 0.0284
vt 0.6471 0.3984 0.0284
vt 0.6459 0.3992 0.0284
vt 0.6367 0.4039 0.0284
vt 0.6220 0.4095 0.0284
vt 0.6100 0.4150 0.0284
vt 0.5977 0.4207 0.0284
vt 0.5881 0.4257 0.0284
vt 0.5783 0.4305 0.0284
vt 0.5754 0.4322 0.0284
vt 0.5753 0.4325 0.0284
vt 0.5697 0.4328 0.0284
vt 0.5661 0.4330 0.0284
vt 0.5309 0.4370 0.0284
vt 0.5134 0.4404 0.0284
vt 0.5093 0.4409 0.0284
vt 0.2718 0.0799 0.0058
vt 0.2851 0.0926 0.0058
vt 0.2609 0.0985 0.0058
vt 0.2367 0.1053 0.0058
vt 0.2571 0.0375 0.0058
vt 0.2698 0.0581 0.0058
vt 0.2661 0.0372 0.0058
vt 0.2602 0.0289 0.0058
vt 0.2555 0.0298 0.0058
vt 0.2197 0.0383 0.0058
vt 0.2108 0.0431 0.0058
vt 0.2107 0.0404 0.0058
vt 0.2090 0.0408 0.0058
vt 0.2008 0.0428 0.0058
vt 0.2014 0.0630 0.0058
vt 0.1882 0.0459 0.0058
vt 0.1811 0.0476 0.0058
vt 0.1543 0.0821 0.0058
vt 0.1457 0.0581 0.0058
vt 0.1433 0.0592 0.0058
vt 0.1469 0.0754 0.0058
vt 0.1397 0.0608 0.0058
vt 0.1388 0.0612 0.0058
vt 0.1403 0.1030 0.0058
vt 0.1346 0.0634 0.0058
vt 0.1105 0.0761 0.0058
vt 0.1338 0.1125 0.0058
vt 0.1083 0.0773 0.0058
vt 0.1052 0.0794 0.0058
vt 0.1182 0.1190 0.0058
vt 0.1000 0.0830 0.0058
vt 0.0974 0.1154 0.0058
vt 0.0719 0.1043 0.0058
vt 0.0745 0.1313 0.0058
vt 0.0624 0.1148 0.0058
vt 0.0597 0.1178 0.0058
vt 0.0695 0.1371 0.0058
vt 0.0574 0.1206 0.0058
vt 0.0504 0.1297 0.0058
vt 0.0445 0.1397 0.0058
vt 0.0442 0.1395 0.0058
vt 0.0398 0.1490 0.0058
vt 0.0561 0.1691 0.0058
vt 0.0381 0.1533 0.0058
vt 0.0361 0.1581 0.0058
vt 0.0563 0.1819 0.0058
vt 0.0261 0.1860 0.0058
vt 0.0200 0.2042 0.0058
vt 0.0226 0.2059 0.0681
vt 0.2880 0.5134 0.0000
vt 0.2844 0.5147 -0.0421
vt 0.2842 0.5115 0.0000
vt 0.3117 0.4875 0.0000
vt 0.3059 0.5072 0.0000
vt 0.3173 0.5032 0.0000
vt 0.3256 0.5002 0.0000
vt 0.3189 0.4847 0.0000
vt 0.3292 0.4982 0.0000
vt 0.3357 0.4946 0.0000
vt 0.3565 0.4816 0.0000
vt 0.3526 0.4698 0.0000
vt 0.3623 0.4778 0.0000
vt 0.3763 0.4676 0.0000
vt 0.3650 0.4387 0.0000
vt 0.3892 0.4571 0.0000
vt 0.3973 0.4493 0.0000
vt 0.3960 0.4380 0.0000
vt 0.4009 0.4454 0.0000
vt 0.4042 0.4413 0.0000
vt 0.4112 0.4324 0.0000
vt 0.3948 0.4218 0.0000
vt 0.4173 0.4236 0.0000
vt 0.4047 0.4000 0.0000
vt 0.4223 0.4160 0.0000
vt 0.4244 0.4111 0.0000
vt 0.4046 0.3796 0.0000
vt 0.4262 0.4044 0.0000
vt 0.4338 0.3753 0.0000
vt 0.4099 0.3646 0.0000
vt 0.4347 0.3687 0.0000
vt 0.4354 0.3631 0.0000
vt 0.4377 0.3408 0.0000
vt 0.4114 0.3243 0.0000
vt 0.4369 0.3182 0.0000
vt 0.4078 0.3090 0.0000
vt 0.4368 0.3136 0.0000
vt 0.4362 0.3019 0.0000
vt 0.4267 0.2911 0.0000
vt 0.4355 0.2894 0.0421
vt 0.3045 0.0216 0.0058
vt 0.3151 0.0200 0.0058
vt 0.3178 0.0288 0.0058
vt 0.2982 0.0432 0.0058
vt 0.2865 0.0244 0.0058
vt 0.2688 0.0274 0.0058
vt 0.2631 0.0285 0.0058
vt 0.3184 0.0644 0.0058
vt 0.3009 0.0670 0.0058
vt 0.2803 0.0807 0.0058
vt 0.2970 0.0800 0.0058
vt 0.2976 0.1224 -0.0681
vt 0.3067 0.0782 0.0058
vt 0.3332 0.2996 0.0000
vt 0.3332 0.2833 0.0000
vt 0.3777 0.2812 0.0000
vt 0.3970 0.3068 0.0000
vt 0.3542 0.3333 0.0000
vt 0.3348 0.3456 0.0000
vt 0.2782 0.3447 0.0000
vt 0.2967 0.3556 0.0000
vt 0.3258 0.3752 0.0000
vt 0.3051 0.3862 0.0000
vt 0.2670 0.3546 0.0000
vt 0.2671 0.3694 0.0000
vt 0.2620 0.3376 0.0000
vt 0.2632 0.3297 0.0000
vt 0.3190 0.2927 0.0000
vt 0.2718 0.2978 0.0000
vt 0.3008 0.2785 0.0000
vt 0.3339 0.2504 0.0000
vt 0.3134 0.2541 0.0000
vt 0.2952 0.2543 0.0000
vt 0.2458 0.1120 0.0058
vt 0.2312 0.1219 0.0058
vt 0.2071 0.1058 0.0058
vt 0.2169 0.1655 0.0058
vt 0.2660 0.2908 0.0000
vt 0.2814 0.2806 0.0000
vt 0.2565 0.3162 0.0000
vt 0.2033 0.1892 0.0058
vt 0.1938 0.1464 0.0058
vt 0.1685 0.1448 0.0058
vt 0.1654 0.1809 0.0058
vt 0.1506 0.1381 0.0058
vt 0.1677 0.1305 0.0058
vt 0.1587 0.1161 0.0058
vt 0.1656 0.1146 0.0058
vt 0.1753 0.1303 0.0058
vt 0.1854 0.1098 0.0058
vt 0.1808 0.0921 0.0058
vt 0.1678 0.0867 0.0058
vt 0.1473 0.0932 0.0058
vt 0.1404 0.1111 0.0058
vt 0.1260 0.1234 0.0058
vt 0.1310 0.1565 0.0058
vt 0.1059 0.1355 0.0058
vt 0.1014 0.1408 0.0058
vt 0.0880 0.1570 0.0058
vt 0.0546 0.1414 0.0058
vt 0.0661 0.1827 0.0058
vt 0.1045 0.1756 0.0058
vt 0.0619 0.1881 0.0058
vt 0.0581 0.2312 0.0058
vt 0.0677 0.2357 0.0058
vt 0.2843 0.4674 0.0000
vt 0.2853 0.4569 0.0000
vt 0.2915 0.4651 0.0000
vt 0.2915 0.4156 0.0000
vt 0.2764 0.4002 0.0000
vt 0.2735 0.3876 0.0000
vt 0.1431 0.2304 0.0058
vt 0.1308 0.2336 0.0058
vt 0.1474 0.2249 0.0058
vt 0.1594 0.2212 0.0058
vt 0.1550 0.2002 0.0058
vt 0.1345 0.1639 0.0058
vt 0.1541 0.1733 0.0058
vt 0.1900 0.2072 0.0058
vt 0.1967 0.1947 0.0058
vt 0.1427 0.1652 0.0058
vt 0.3142 0.4066 0.0000
vt 0.3436 0.3969 0.0000
vt 0.3340 0.4037 0.0000
vt 0.3119 0.4129 0.0000
vt 0.3680 0.3976 0.0000
vt 0.3952 0.3994 0.0000
vt 0.3755 0.3798 0.0000
vt 0.4024 0.3597 0.0000
vt 0.3619 0.3557 0.0000
vt 0.4052 0.3362 0.0000
vt 0.3462 0.3911 0.0000
vt 0.2554 0.3250 0.0000
vt 0.3922 0.2902 0.0000
vt 0.7286 0.1851 0.0361
vt 0.7276 0.1874 0.0361
vt 0.7244 0.1892 0.0361
vt 0.7235 0.1896 0.0361
vt 0.7192 0.1918 0.0361
vt 0.6943 0.1989 0.0361
vt 0.6916 0.2004 0.0361
vt 0.6881 0.2019 0.0361
vt 0.6826 0.2046 0.0361
vt 0.6540 0.2199 0.0361
vt 0.6419 0.2247 0.0361
vt 0.6380 0.2238 0.0361
vt 0.6356 0.2244 0.0361
vt 0.6276 0.2240 0.0361
vt 0.6193 0.2236 0.0361
vt 0.6192 0.2236 -0.0361
vt 0.6152 0.2170 0.0361
vt 0.6132 0.2144 0.0361
vt 0.6112 0.2112 0.0361
vt 0.6012 0.1927 0.0361
vt 0.5945 0.1807 0.0361
vt 0.5910 0.1755 0.0361
vt 0.5827 0.1642 0.0361
vt 0.5599 0.1356 0.0361
vt 0.5551 0.1287 0.0361
vt 0.5557 0.1249 0.0361
vt 0.5571 0.1180 0.0361
vt 0.5633 0.0958 0.0361
vt 0.5650 0.0896 0.0361
vt 0.5702 0.0746 0.0361
vt 0.5751 0.0603 0.0361
vt 0.5790 0.0508 0.0361
vt 0.5817 0.0463 0.0361
vt 0.5849 0.0428 0.0361
vt 0.5911 0.0350 0.0361
vt 0.5967 0.0275 0.0361
vt 0.6016 0.0210 0.0361
vt 0.6063 0.0216 0.0361
vt 0.6130 0.0200 0.0361
vt 0.6407 0.0248 0.0361
vt 0.6471 0.0254 0.0361
vt 0.6525 0.0260 0.0361
vt 0.6732 0.0273 0.0361
vt 0.6938 0.0271 -0.0361
vt 0.6976 0.0292 0.0361
vt 0.7067 0.0353 0.0361
vt 0.7161 0.0421 0.0361
vt 0.7235 0.0486 0.0361
vt 0.7359 0.0594 0.0361
vt 0.7475 0.0709 0.0361
vt 0.7512 0.0748 0.0361
vt 0.7528 0.0770 0.0361
vt 0.7537 0.0812 0.0361
vt 0.7431 0.1139 0.0361
vt 0.7405 0.1222 0.0361
vt 0.7397 0.1247 0.0361
vt 0.7375 0.1324 0.0361
vt 0.7343 0.1442 0.0361
vt 0.7331 0.1510 0.0361
vt 0.3567 0.2613 0.0000
vt 0.5253 0.8473 0.0620
vt 0.5225 0.8487 0.0620
vt 0.5263 0.8317 0.0620
vt 0.5284 0.8321 0.0620
vt 0.2703 0.7430 -0.0110
vt 0.2711 0.7423 -0.0110
vt 0.2775 0.7609 -0.0110
vt 0.2678 0.7613 -0.0110
vt 0.5412 0.7385 0.0620
vt 0.5402 0.7451 0.0620
vt 0.5322 0.7344 0.0620
vt 0.3029 0.8711 -0.0110
vt 0.2760 0.8794 -0.0110
vt 0.2835 0.8230 -0.0110
vt 0.3076 0.8422 -0.0110
vt 0.4638 0.8851 0.0620
vt 0.4686 0.8623 0.0620
vt 0.4944 0.8758 0.0620
vt 0.3100 0.7365 -0.0110
vt 0.2880 0.7373 -0.0110
vt 0.2606 0.8171 -0.0110
vt 0.2613 0.8128 -0.0110
vt 0.2749 0.8172 -0.0110
vt 0.3198 0.7467 -0.0110
vt 0.3165 0.7787 -0.0110
vt 0.2976 0.7854 -0.0110
vt 0.4701 0.8560 0.0620
vt 0.4902 0.8549 0.0620
vt 0.5234 0.8567 0.0620
vt 0.5232 0.8579 0.0620
vt 0.5196 0.8571 0.0620
vt 0.2969 0.5559 -0.0110
vt 0.3312 0.5384 -0.0110
vt 0.3277 0.5693 -0.0110
vt 0.2963 0.5616 -0.0110
vt 0.4571 0.9162 0.0620
vt 0.4596 0.9047 0.0620
vt 0.4926 0.9123 0.0620
vt 0.4662 0.9264 0.0620
vt 0.5093 0.9209 0.0620
vt 0.5062 0.9317 0.0620
vt 0.5025 0.9309 0.0620
vt 0.3126 0.8100 -0.0110
vt 0.2846 0.8139 -0.0110
vt 0.2886 0.7886 -0.0110
vt 0.3140 0.7991 -0.0110
vt 0.4977 0.6819 0.0620
vt 0.5000 0.6711 0.0620
vt 0.5072 0.6859 0.0620
vt 0.4917 0.7273 0.0620
vt 0.4944 0.7067 0.0620
vt 0.5181 0.7260 0.0620
vt 0.2673 0.8117 -0.0110
vt 0.2707 0.7942 -0.0110
vt 0.2642 0.7951 -0.0110
vt 0.2645 0.7928 -0.0110
vt 0.2950 0.5728 -0.0110
vt 0.3256 0.5858 -0.0110
vt 0.2944 0.5770 -0.0110
vt 0.2994 0.6968 -0.0110
vt 0.5288 0.8303 0.0620
vt 0.5191 0.7996 0.0620
vt 0.5320 0.8067 0.0620
vt 0.5450 0.7087 0.0620
vt 0.5437 0.7193 0.0620
vt 0.5280 0.7100 0.0620
vt 0.5387 0.6925 0.0620
vt 0.4969 0.6862 0.0620
vt 0.3315 0.6634 -0.0110
vt 0.3256 0.6969 -0.0110
vt 0.3077 0.6934 -0.0110
vt 0.3287 0.6576 -0.0110
vt 0.2794 0.6714 -0.0110
vt 0.2872 0.6263 -0.0110
vt 0.3096 0.6438 -0.0110
vt 0.4821 0.7960 0.0620
vt 0.4929 0.7830 0.0620
vt 0.4807 0.8059 0.0620
vt 0.5092 0.7359 0.0620
vt 0.4910 0.7327 0.0620
vt 0.5123 0.9104 0.0620
vt 0.3444 0.5803 -0.0110
vt 0.3437 0.5856 -0.0110
vt 0.5088 0.8587 0.0620
vt 0.5189 0.8841 0.0620
vt 0.5159 0.8971 0.0620
vt 0.4920 0.8834 0.0620
vt 0.5066 0.8665 0.0620
vt 0.2554 0.8507 0.0855
vt 0.2583 0.8317 -0.0110
vt 0.2912 0.6016 -0.0110
vt 0.2923 0.5956 -0.0110
vt 0.2972 0.5936 -0.0110
vt 0.3334 0.5913 -0.0110
vt 0.5030 0.9444 0.0620
vt 0.4957 0.9800 -0.0339
vt 0.4760 0.9499 0.0620
vt 0.3204 0.7406 -0.0110
vt 0.3211 0.7344 -0.0110
vt 0.3242 0.7088 -0.0110
vt 0.2977 0.5479 -0.0110
vt 0.2995 0.5294 -0.0855
vt 0.3089 0.5320 -0.0110
vt 0.5238 0.8543 0.0620
vt 0.2638 0.7984 -0.0110
vt 0.3092 0.8325 -0.0110
vt 0.3084 0.8371 -0.0110
vt 0.2930 0.8194 -0.0110
vt 0.5426 0.7282 0.0620
vt 0.5362 0.7727 0.0620
vt 0.5325 0.8022 0.0620
vt 0.5115 0.7852 0.0620
vt 0.5389 0.7542 0.0620
vt 0.5025 0.6598 -0.0620
vt 0.5208 0.6613 0.0620
vt 0.3229 0.7028 -0.0110
vt 0.3247 0.7040 -0.0110
vt 0.2843 0.6868 -0.0110
vt 0.4802 0.8105 0.0620
vt 0.3208 0.7369 -0.0110
vt 0.2704 0.7421 -0.0110
vt 0.4852 0.7738 0.0620
vt 0.4861 0.7670 0.0620
vt 0.4941 0.7740 0.0620
vt 0.3151 0.7918 -0.0110
vt 0.5512 0.6747 0.0620
vt 0.5501 0.6795 0.0620
vt 0.5422 0.6707 0.0620
vt 0.2650 0.7868 -0.0110
vt 0.5052 0.9350 0.0620
vt 0.4813 0.8926 0.0620
vt 0.4627 0.8923 0.0620
vt 0.5214 0.8682 0.0620
vt 0.3376 0.6266 -0.0110
vt 0.3362 0.6353 -0.0110
vt 0.2886 0.6175 -0.0110
vt 0.4835 0.7867 0.0620
vt 0.3483 0.5475 -0.0110
vt 0.3494 0.5378 -0.0110
vt 0.3465 0.5639 -0.0110
vt 0.3145 0.7956 -0.0110
vt 0.2814 0.7830 -0.0110
vt 0.2768 0.6858 -0.0110
vt 0.2754 0.6972 -0.0110
vt 0.2765 0.6875 -0.0110
vt 0.2916 0.6918 -0.0110
vt 0.3253 0.6994 -0.0110
vt 0.3111 0.8218 -0.0110
vt 0.3111 0.8215 -0.0110
vt 0.5371 0.7665 0.0620
vt 0.5286 0.8312 0.0620
vt 0.4620 0.8963 0.0620
vt 0.3346 0.6447 -0.0110
vt 0.3359 0.6369 -0.0110
vt 0.4845 0.7786 0.0620
vt 0.2998 0.8899 -0.0110
vt 0.5038 0.9408 0.0620
vt 0.2727 0.7225 -0.0110
vt 0.2750 0.7010 -0.0110
vt 0.2706 0.7409 -0.0110
vt 0.2926 0.5944 -0.0110
vt 0.2933 0.5880 -0.0110
vt 0.3432 0.5883 -0.0110
vt 0.2590 0.8272 -0.0110
vt 0.4902 0.7391 0.0620
vt 0.3249 0.7030 -0.0110
vt 0.5464 0.6954 0.0620
vt 0.5050 0.9352 0.0620
vt 0.3326 0.6566 -0.0110
vt 0.4878 0.8257 0.0620
vt 0.4735 0.8403 0.0620
vt 0.3425 0.5926 -0.0110
vt 0.4770 0.8254 0.0620
vt 0.2720 0.7288 -0.0110
vt 0.2617 0.8107 -0.0110
vt 0.4532 0.9345 0.0620
vt 0.4524 0.9381 0.0620
vt 0.5462 0.6973 0.0620
vt 0.4793 0.8153 0.0620
vt 0.5563 0.4581 0.6978
vt 0.5619 0.4578 0.6978
vt 0.5620 0.4581 0.6978
vt 0.5652 0.4593 0.6978
vt 0.5754 0.4630 0.6978
vt 0.5854 0.4667 0.6978
vt 0.5982 0.4710 0.6978
vt 0.6106 0.4751 0.6978
vt 0.6257 0.4791 0.6978
vt 0.6352 0.4827 0.6978
vt 0.6366 0.4832 0.6978
vt 0.6388 0.4842 0.6978
vt 0.6447 0.4883 0.6978
vt 0.6540 0.5008 0.6978
vt 0.6549 0.5016 -0.6978
vt 0.6557 0.5025 0.6978
vt 0.6619 0.5254 0.6978
vt 0.6622 0.5299 0.6978
vt 0.6484 0.5554 0.6978
vt 0.6447 0.5603 0.6978
vt 0.6367 0.5696 0.6978
vt 0.6304 0.5761 0.6978
vt 0.6263 0.5812 0.6978
vt 0.6201 0.5894 0.6978
vt 0.6153 0.5968 0.6978
vt 0.6103 0.6060 0.6978
vt 0.6048 0.6158 0.6978
vt 0.6027 0.6186 0.6978
vt 0.5880 0.6252 0.6978
vt 0.5835 0.6271 0.6978
vt 0.5662 0.6337 0.6978
vt 0.5586 0.6364 0.6978
vt 0.5532 0.6381 0.6978
vt 0.5422 0.6409 0.6978
vt 0.5381 0.6419 0.6978
vt 0.5273 0.6441 0.6978
vt 0.5209 0.6450 0.6978
vt 0.5199 0.6444 0.6978
vt 0.5150 0.6409 0.6978
vt 0.5043 0.6290 0.6978
vt 0.4983 0.6223 0.6978
vt 0.4648 0.5913 0.6978
vt 0.4535 0.5819 0.6978
vt 0.4524 0.5806 -0.6978
vt 0.4541 0.5712 0.6978
vt 0.4549 0.5675 0.6978
vt 0.4598 0.5465 0.6978
vt 0.4611 0.5403 0.6978
vt 0.4625 0.5282 0.6978
vt 0.4620 0.5264 0.6978
vt 0.4613 0.5248 0.6978
vt 0.4659 0.5071 0.6978
vt 0.4701 0.4816 0.6978
vt 0.4708 0.4757 0.6978
vt 0.4714 0.4733 0.6978
vt 0.4721 0.4701 0.6978
vt 0.4791 0.4600 0.6978
vt 0.4804 0.4584 0.6978
vt 0.4844 0.4568 0.6978
vt 0.4942 0.4569 0.6978
vt 0.4986 0.4570 0.6978
vt 0.5176 0.4585 0.6978
vt 0.5527 0.4584 0.6978
vt 0.3339 0.1180 0.0410
vt 0.3332 0.1144 0.0410
vt 0.3343 0.1121 0.0410
vt 0.3568 0.0864 0.0410
vt 0.3611 0.0810 0.0410
vt 0.3679 0.0710 0.0410
vt 0.3722 0.0643 0.0410
vt 0.3728 0.0623 0.0410
vt 0.3774 0.0548 0.0410
vt 0.3951 0.0252 0.0410
vt 0.3989 0.0231 0.0410
vt 0.4016 0.0228 0.0410
vt 0.4070 0.0230 0.0410
vt 0.4234 0.0242 0.0410
vt 0.4398 0.0264 0.0410
vt 0.4495 0.0277 0.0410
vt 0.4607 0.0304 0.0410
vt 0.4712 0.0332 0.0410
vt 0.4753 0.0347 -0.0410
vt 0.4887 0.0503 0.0410
vt 0.5032 0.0649 0.0410
vt 0.5072 0.0685 0.0410
vt 0.5119 0.0729 0.0410
vt 0.5336 0.0903 0.0410
vt 0.5368 0.0964 0.0410
vt 0.5404 0.0995 0.0410
vt 0.5388 0.1074 0.0410
vt 0.5368 0.1166 0.0410
vt 0.5351 0.1264 0.0410
vt 0.5346 0.1311 0.0410
vt 0.5331 0.1356 0.0410
vt 0.5286 0.1448 0.0410
vt 0.5211 0.1579 0.0410
vt 0.5134 0.1718 0.0410
vt 0.5099 0.1772 0.0410
vt 0.4974 0.1965 0.0410
vt 0.4932 0.2021 0.0410
vt 0.4907 0.2051 0.0410
vt 0.4823 0.2060 0.0410
vt 0.4708 0.2078 0.0410
vt 0.4527 0.2094 0.0410
vt 0.4491 0.2107 0.0410
vt 0.4307 0.2147 0.0410
vt 0.4026 0.2212 0.0410
vt 0.3975 0.2222 0.0410
vt 0.3930 0.2225 0.0410
vt 0.3827 0.2244 -0.0410
vt 0.3825 0.2243 0.0410
vt 0.3745 0.2160 0.0410
vt 0.3668 0.2083 0.0410
vt 0.3652 0.2052 0.0410
vt 0.3620 0.2029 0.0410
vt 0.3577 0.1906 0.0410
vt 0.3504 0.1593 0.0410
vt 0.3488 0.1534 0.0410
vt 0.3476 0.1498 0.0410
vt 0.3465 0.1469 0.0410
vt 0.3354 0.1236 0.0410
vt 0.3343 0.1189 0.0410
# 783 texture coords

o Stone1
g Stone1
usemtl wire_153228214
s off
f 1/1/1 2/2/2 3/3/3 
f 4/4/4 5/5/5 6/6/6 
f 7/7/7 2/8/2 1/9/1 
f 8/10/8 9/11/9 10/12/10 
f 11/13/11 12/14/12 13/15/13 
f 14/16/14 15/17/15 16/18/16 
f 17/19/17 18/20/18 19/21/19 
f 20/22/20 21/23/21 22/24/22 
f 23/25/23 24/26/24 25/27/25 
f 26/28/26 27/29/27 28/30/28 
f 29/31/29 30/32/30 31/33/31 
f 20/22/20 32/34/32 33/35/33 
f 32/34/32 34/36/34 35/37/35 
f 36/38/36 37/39/37 3/3/3 
f 26/28/26 38/40/38 39/41/39 
f 25/27/25 40/42/40 41/43/41 
f 21/23/21 42/44/42 43/45/43 
f 13/15/13 12/14/12 44/46/44 
f 38/40/38 45/47/45 46/48/46 
f 28/30/28 14/16/14 47/49/47 
f 11/13/11 13/15/13 23/25/23 
f 31/33/31 30/32/30 48/50/48 
f 49/51/49 50/52/50 39/41/39 
f 51/53/51 52/54/52 22/55/22 
f 53/56/53 54/57/54 55/58/55 
f 25/27/25 24/26/24 40/42/40 
f 44/46/44 56/59/56 57/60/57 
f 58/61/58 59/62/59 60/63/60 
f 8/10/8 61/64/61 9/11/9 
f 62/65/62 3/3/3 2/2/2 
f 38/40/38 47/49/47 45/47/45 
f 4/4/4 63/66/63 5/5/5 
f 64/67/64 7/7/7 65/68/65 
f 66/69/66 40/42/40 67/70/67 
f 58/61/58 34/36/34 59/62/59 
f 22/24/22 21/23/21 43/45/43 
f 65/68/65 7/7/7 1/9/1 
f 68/71/68 17/19/17 19/21/19 
f 10/12/10 32/34/32 20/22/20 
f 69/72/69 60/63/60 59/62/59 
f 70/73/70 15/17/15 71/74/71 
f 72/75/72 73/76/73 74/77/74 
f 53/56/53 55/58/55 50/52/50 
f 55/58/55 27/29/27 26/28/26 
f 45/47/45 47/49/47 63/66/63 
f 20/22/20 33/35/33 75/78/75 
f 30/32/30 76/79/76 48/50/48 
f 65/80/65 1/1/1 77/81/77 
f 53/56/53 1/1/1 54/57/54 
f 52/54/52 20/82/20 22/55/22 
f 78/83/78 10/84/10 20/82/20 
f 56/59/56 79/85/79 24/26/24 
f 41/43/41 40/42/40 80/86/80 
f 43/45/43 42/44/42 81/87/81 
f 82/88/82 83/89/83 6/6/6 
f 46/48/46 45/47/45 18/20/18 
f 84/90/84 3/3/3 62/65/62 
f 85/91/85 46/48/46 18/20/18 
f 51/53/51 49/51/49 39/41/39 
f 66/69/66 67/70/67 86/92/86 
f 19/21/19 18/20/18 8/93/8 
f 18/20/18 83/89/83 82/88/82 
f 54/57/54 87/94/87 55/58/55 
f 82/95/82 6/96/6 61/64/61 
f 6/96/6 88/97/88 69/72/69 
f 44/46/44 12/14/12 89/98/89 
f 89/98/89 34/36/34 58/61/58 
f 90/99/90 36/38/36 87/94/87 
f 37/39/37 36/38/36 90/99/90 
f 22/55/22 77/81/77 51/53/51 
f 22/55/22 65/80/65 77/81/77 
f 48/50/48 76/79/76 91/100/91 
f 48/50/48 91/100/91 25/27/25 
f 21/23/21 31/33/31 42/44/42 
f 29/31/29 31/33/31 21/23/21 
f 35/37/35 12/14/12 11/13/11 
f 75/78/75 33/35/33 11/13/11 
f 92/101/92 63/66/63 47/49/47 
f 93/102/93 63/66/63 92/101/92 
f 70/73/70 71/74/71 94/103/94 
f 50/52/50 55/58/55 26/28/26 
f 39/41/39 50/52/50 26/28/26 
f 72/75/72 2/8/2 73/76/73 
f 7/7/7 95/104/95 2/8/2 
f 65/68/65 80/86/80 64/67/64 
f 80/86/80 40/42/40 66/69/66 
f 13/15/13 44/46/44 96/105/96 
f 23/25/23 13/15/13 24/26/24 
f 10/12/10 9/11/9 32/34/32 
f 9/11/9 69/72/69 59/62/59 
f 24/26/24 79/85/79 40/42/40 
f 40/42/40 79/85/79 67/70/67 
f 86/92/86 67/70/67 97/106/97 
f 97/106/97 95/104/95 7/7/7 
f 51/53/51 68/71/68 52/54/52 
f 68/71/68 19/21/19 78/83/78 
f 51/53/51 39/41/39 85/91/85 
f 51/53/51 85/91/85 68/71/68 
f 60/63/60 69/72/69 88/97/88 
f 49/51/49 53/56/53 50/52/50 
f 77/81/77 1/1/1 53/56/53 
f 28/30/28 27/29/27 15/17/15 
f 28/30/28 15/17/15 14/16/14 
f 62/107/62 2/8/2 72/75/72 
f 98/108/98 70/73/70 94/103/94 
f 16/18/16 15/17/15 70/73/70 
f 31/33/31 48/50/48 25/27/25 
f 31/33/31 25/27/25 41/43/41 
f 93/102/93 5/5/5 63/66/63 
f 54/57/54 37/39/37 90/99/90 
f 54/57/54 90/99/90 87/94/87 
f 30/32/30 75/78/75 76/79/76 
f 29/31/29 75/78/75 30/32/30 
f 22/24/22 43/45/43 65/68/65 
f 43/45/43 80/86/80 65/68/65 
f 91/100/91 11/13/11 23/25/23 
f 91/100/91 23/25/23 25/27/25 
f 20/22/20 29/31/29 21/23/21 
f 29/31/29 20/22/20 75/78/75 
f 41/43/41 80/86/80 81/87/81 
f 43/45/43 81/87/81 80/86/80 
f 9/11/9 59/62/59 32/34/32 
f 32/34/32 59/62/59 34/36/34 
f 45/47/45 63/66/63 4/4/4 
f 18/20/18 45/47/45 83/89/83 
f 56/59/56 24/26/24 96/105/96 
f 13/15/13 96/105/96 24/26/24 
f 39/41/39 46/48/46 85/91/85 
f 39/41/39 38/40/38 46/48/46 
f 1/1/1 37/39/37 54/57/54 
f 1/1/1 3/3/3 37/39/37 
f 64/67/64 86/92/86 7/7/7 
f 86/92/86 97/106/97 7/7/7 
f 67/70/67 99/109/99 97/106/97 
f 99/109/99 67/70/67 79/85/79 
f 42/44/42 41/43/41 81/87/81 
f 31/33/31 41/43/41 42/44/42 
f 19/21/19 10/84/10 78/83/78 
f 19/21/19 8/93/8 10/84/10 
f 94/103/94 71/74/71 27/29/27 
f 27/29/27 71/74/71 15/17/15 
f 73/76/73 95/104/95 97/106/97 
f 2/8/2 95/104/95 73/76/73 
f 32/34/32 35/37/35 33/35/33 
f 33/35/33 35/37/35 11/13/11 
f 77/81/77 53/56/53 49/51/49 
f 51/53/51 77/81/77 49/51/49 
f 68/71/68 78/83/78 52/54/52 
f 52/54/52 78/83/78 20/82/20 
f 85/91/85 18/20/18 17/19/17 
f 85/91/85 17/19/17 68/71/68 
f 61/64/61 6/96/6 69/72/69 
f 61/64/61 69/72/69 9/11/9 
f 100/110/100 79/85/79 56/59/56 
f 45/47/45 4/4/4 83/89/83 
f 83/89/83 4/4/4 6/6/6 
f 16/18/16 70/73/70 98/108/98 
f 34/36/34 12/14/12 35/37/35 
f 89/98/89 12/14/12 34/36/34 
f 8/10/8 82/95/82 61/64/61 
f 18/20/18 82/88/82 8/93/8 
f 76/79/76 11/13/11 91/100/91 
f 75/78/75 11/13/11 76/79/76 
f 80/86/80 66/69/66 64/67/64 
f 66/69/66 86/92/86 64/67/64 
f 28/30/28 47/49/47 38/40/38 
f 26/28/26 28/30/28 38/40/38 
f 57/60/57 96/105/96 44/46/44 
f 57/60/57 56/59/56 96/105/96 
f 101/111/101 102/112/102 94/113/103 
f 103/114/104 104/115/105 99/109/99 
f 105/116/106 106/117/107 47/49/47 14/16/14 
f 107/118/108 72/75/72 74/77/74 108/119/109 
f 109/120/110 27/29/27 55/58/55 110/121/111 
f 111/122/112 112/123/113 88/97/88 
f 113/124/114 73/76/73 97/106/97 114/125/115 
f 115/126/116 116/127/117 60/63/60 
f 117/128/118 118/129/119 16/18/16 
f 119/130/120 44/46/44 89/98/89 120/131/121 
f 121/132/122 87/94/87 36/38/36 122/133/123 
f 123/134/124 84/90/84 62/65/62 124/135/125 
f 125/136/126 88/97/88 6/96/6 126/137/127 
f 127/138/128 74/77/74 73/76/73 113/124/114 
f 128/139/129 92/101/92 47/49/47 106/117/107 
f 129/140/130 14/16/14 16/18/16 130/141/131 
f 103/114/104 99/109/99 79/85/79 131/142/132 
f 132/143/133 126/144/127 6/6/6 5/5/5 
f 133/145/134 134/146/135 36/38/36 3/3/3 
f 135/147/136 114/125/115 97/106/97 99/109/99 
f 136/148/137 137/149/138 55/58/55 87/94/87 
f 138/150/139 139/151/140 89/98/89 
f 140/152/141 101/111/101 94/113/103 
f 119/130/120 141/153/142 44/46/44 
f 142/154/143 143/155/144 56/59/56 44/46/44 
f 129/140/130 144/156/145 14/16/14 
f 121/132/122 145/157/146 87/94/87 
f 123/134/124 146/158/147 84/90/84 
f 147/159/148 131/142/132 79/85/79 100/110/100 
f 148/160/149 89/98/89 58/61/58 149/161/150 
f 150/162/151 149/161/150 58/61/58 60/63/60 
f 137/149/138 110/121/111 55/58/55 
f 151/163/152 152/164/153 62/107/62 
f 128/139/129 153/165/154 92/101/92 
f 112/123/113 115/126/116 60/63/60 88/97/88 
f 151/163/152 62/107/62 72/75/72 107/118/108 
f 143/155/144 154/166/155 56/59/56 
f 155/167/156 133/145/134 3/3/3 84/90/84 
f 125/136/126 111/122/112 88/97/88 
f 127/138/128 156/168/157 74/77/74 
f 144/156/145 157/169/158 14/16/14 
f 158/170/159 159/171/160 100/110/100 56/59/56 
f 117/128/118 16/18/16 98/108/98 160/172/161 
f 161/173/162 162/174/163 93/102/93 92/101/92 
f 162/174/163 163/175/164 5/5/5 93/102/93 
f 141/153/142 142/154/143 44/46/44 
f 156/168/157 108/119/109 74/77/74 
f 134/146/135 122/133/123 36/38/36 
f 139/151/140 120/131/121 89/98/89 
f 153/165/154 161/173/162 92/101/92 
f 145/157/146 136/148/137 87/94/87 
f 152/164/153 124/176/125 62/107/62 
f 148/160/149 138/150/139 89/98/89 
f 157/169/158 105/116/106 14/16/14 
f 104/115/105 135/147/136 99/109/99 
f 118/129/119 130/141/131 16/18/16 
f 154/166/155 158/170/159 56/59/56 
f 163/175/164 132/143/133 5/5/5 
f 146/158/147 155/167/156 84/90/84 
f 116/127/117 150/162/151 60/63/60 
f 159/171/160 147/159/148 100/110/100 
f 107/177/108 108/178/109 156/179/157 127/180/128 113/181/114 114/182/115 135/183/136 104/184/105 103/185/104 131/186/132 147/187/148 159/188/160 158/189/159 154/190/155 143/191/144 142/192/143 141/193/142 119/194/120 120/195/121 139/196/140 138/197/139 148/198/149 149/199/150 150/200/151 116/201/117 115/202/116 112/203/113 111/204/112 125/205/126 126/206/127 132/207/133 163/208/164 162/209/163 161/210/162 153/211/154 128/212/129 106/213/107 105/214/106 157/215/158 144/216/145 129/217/130 130/218/131 118/219/119 117/220/118 160/221/161 102/222/102 101/223/101 140/224/141 109/225/110 110/226/111 137/227/138 136/228/137 145/229/146 121/230/122 122/231/123 134/232/135 133/233/134 155/234/156 146/235/147 123/236/124 124/237/125 152/238/153 151/239/152 
f 164/240/165 165/241/166 166/242/167 
f 164/240/165 166/242/167 167/243/168 
f 164/240/165 167/243/168 168/244/169 
f 169/245/170 164/240/165 168/244/169 
f 170/246/171 169/245/170 168/244/169 
f 171/247/172 170/246/171 168/244/169 172/248/173 
f 173/249/174 172/248/173 168/244/169 174/250/175 
f 175/251/176 173/249/174 174/250/175 
f 176/252/177 175/251/176 174/250/175 
f 177/253/178 176/252/177 174/250/175 
f 177/253/178 174/250/175 178/254/179 179/255/180 
f 180/256/181 179/255/180 178/254/179 181/257/182 
f 182/258/183 180/256/181 181/257/182 
f 183/259/184 182/258/183 181/257/182 184/260/185 
f 185/261/186 183/259/184 184/260/185 
f 186/262/187 185/261/186 184/260/185 187/263/188 
f 188/264/189 186/262/187 187/263/188 
f 189/265/190 188/264/189 187/263/188 
f 189/265/190 187/263/188 190/266/191 191/267/192 
f 192/268/193 191/267/192 190/266/191 193/269/194 
f 194/270/195 192/268/193 193/269/194 195/271/196 
f 196/272/197 194/270/195 195/271/196 
f 196/272/197 195/271/196 197/273/198 198/274/199 
f 199/275/200 198/274/199 197/273/198 200/276/201 
f 201/277/202 199/275/200 200/276/201 
f 202/278/203 201/277/202 200/276/201 
f 202/278/203 200/276/201 203/279/204 204/280/205 
f 205/280/206 204/280/205 203/279/204 
f 206/281/207 205/280/206 203/279/204 207/282/208 
f 208/283/209 206/281/207 207/282/208 
f 209/284/210 208/283/209 207/282/208 210/285/211 
f 211/286/212 209/284/210 210/285/211 
f 212/287/213 211/286/212 210/285/211 213/288/214 
f 214/289/215 212/290/213 213/291/214 
f 214/289/215 213/291/214 215/292/216 216/293/217 
f 217/294/218 216/293/217 215/292/216 
f 218/295/219 217/294/218 215/292/216 
f 218/295/219 215/292/216 219/296/220 220/297/221 
f 221/298/222 220/297/221 219/296/220 
f 222/299/223 221/298/222 219/296/220 223/300/224 
f 224/301/225 222/299/223 223/300/224 
f 225/302/226 224/301/225 223/300/224 
f 225/302/226 223/300/224 226/303/227 227/304/228 
f 228/305/229 227/304/228 226/303/227 229/306/230 
f 230/307/231 228/305/229 229/306/230 
f 231/308/232 230/307/231 229/306/230 
f 232/309/233 231/308/232 229/306/230 
f 232/309/233 229/306/230 233/310/234 234/311/235 
f 234/311/235 233/310/234 235/312/236 236/313/237 
f 237/314/238 236/313/237 235/312/236 238/315/239 
f 239/316/240 237/314/238 238/315/239 
f 240/317/241 239/316/240 238/315/239 
f 240/317/241 238/315/239 241/318/242 242/319/243 
f 243/320/244 242/319/243 241/318/242 
f 244/321/245 243/320/244 241/318/242 245/322/246 
f 246/323/247 244/321/245 245/322/246 
f 246/323/247 245/322/246 247/324/248 248/325/249 
f 249/326/250 248/325/249 247/324/248 250/327/251 
f 251/328/252 249/326/250 250/327/251 
f 252/329/253 251/330/252 250/331/251 
f 252/329/253 250/331/251 253/332/254 254/333/255 
f 255/334/256 254/333/255 253/332/254 170/246/171 
f 256/335/257 255/334/256 170/246/171 
f 250/331/251 257/336/258 253/332/254 
f 257/336/258 258/337/259 253/332/254 
f 253/332/254 258/337/259 169/245/170 
f 169/245/170 258/337/259 259/338/260 
f 258/337/259 260/339/261 259/338/260 
f 260/339/261 165/241/166 259/338/260 
f 261/340/262 165/241/166 260/339/261 
f 261/340/262 260/339/261 262/341/263 
f 263/342/264 261/343/262 262/344/263 
f 263/342/264 262/344/263 264/345/265 
f 263/342/264 264/345/265 265/346/266 
f 263/342/264 265/346/266 266/347/267 
f 267/348/268 263/342/264 266/347/267 
f 268/349/269 267/348/268 266/347/267 
f 268/349/269 266/347/267 269/350/270 
f 268/349/269 269/350/270 270/351/271 
f 271/352/272 268/349/269 270/351/271 
f 271/352/272 270/351/271 272/353/273 
f 271/352/272 272/353/273 273/354/274 
f 271/352/272 273/354/274 267/348/268 
f 273/354/274 274/355/275 267/348/268 
f 274/355/275 275/356/276 267/348/268 
f 274/355/275 276/357/277 275/356/276 
f 276/357/277 277/358/278 275/356/276 
f 277/358/278 261/343/262 275/356/276 
f 277/358/278 166/359/167 261/343/262 
f 277/358/278 278/360/279 166/359/167 
f 277/358/278 279/361/280 278/360/279 
f 278/362/279 279/363/280 167/243/168 
f 279/363/280 280/364/281 167/243/168 
f 174/250/175 167/243/168 280/364/281 
f 281/365/282 280/364/281 279/363/280 
f 281/366/282 279/361/280 282/367/283 
f 276/357/277 281/366/282 282/367/283 
f 283/368/284 281/366/282 276/357/277 
f 283/369/284 284/370/285 281/365/282 
f 285/371/286 284/370/285 283/369/284 
f 283/369/284 286/372/287 285/371/286 
f 286/372/287 287/373/288 285/371/286 
f 285/371/286 287/373/288 288/374/289 
f 287/373/288 289/375/290 288/374/289 
f 288/374/289 289/375/290 290/376/291 
f 288/374/289 290/376/291 291/377/292 
f 288/374/289 291/377/292 284/370/285 
f 291/377/292 292/378/293 284/370/285 
f 284/370/285 292/378/293 280/364/281 
f 292/378/293 293/379/294 280/364/281 
f 178/254/179 280/364/281 293/379/294 
f 178/254/179 293/379/294 294/380/295 
f 294/380/295 293/379/294 290/376/291 
f 294/380/295 290/376/291 181/257/182 
f 290/376/291 293/379/294 292/378/293 
f 291/377/292 290/376/291 292/378/293 
f 181/257/182 290/376/291 289/375/290 
f 181/257/182 289/375/290 295/381/296 
f 289/375/290 296/382/297 295/381/296 
f 295/381/296 296/382/297 187/263/188 
f 190/266/191 296/382/297 289/375/290 
f 287/373/288 190/266/191 289/375/290 
f 287/373/288 297/383/298 190/266/191 
f 287/373/288 298/384/299 297/383/298 
f 298/384/299 299/385/300 297/383/298 
f 193/269/194 297/383/298 299/385/300 
f 298/384/299 300/386/301 299/385/300 
f 195/271/196 299/385/300 300/386/301 
f 298/384/299 301/387/302 300/386/301 
f 200/276/201 300/386/301 301/387/302 
f 200/276/201 301/387/302 302/388/303 
f 302/388/303 301/387/302 303/389/304 
f 302/388/303 303/389/304 207/282/208 
f 304/390/305 303/389/304 301/387/302 
f 304/390/305 305/391/306 303/389/304 
f 210/285/211 303/389/304 305/391/306 
f 210/285/211 305/391/306 306/392/307 
f 306/392/307 305/391/306 307/393/308 
f 306/394/307 307/395/308 308/396/309 
f 215/292/216 306/394/307 308/396/309 
f 309/397/310 308/396/309 307/395/308 
f 309/397/310 307/395/308 310/398/311 
f 311/399/312 309/397/310 310/398/311 
f 311/400/312 310/401/311 312/402/313 
f 272/403/273 311/400/312 312/402/313 
f 272/403/273 312/402/313 313/404/314 
f 312/402/313 304/390/305 313/404/314 
f 313/404/314 304/390/305 314/405/315 
f 313/404/314 314/405/315 315/406/316 
f 313/404/314 315/406/316 286/372/287 
f 273/407/274 313/404/314 286/372/287 
f 273/407/274 286/372/287 316/408/317 
f 315/406/316 314/405/315 317/409/318 
f 315/406/316 317/409/318 287/373/288 
f 314/405/315 298/384/299 317/409/318 
f 314/405/315 304/390/305 298/384/299 
f 312/402/313 310/401/311 304/390/305 
f 270/351/271 309/397/310 311/399/312 
f 318/410/319 309/397/310 270/351/271 
f 270/351/271 319/411/320 318/410/319 
f 318/410/319 319/411/320 320/412/321 
f 320/412/321 321/413/322 318/410/319 
f 321/413/322 320/412/321 226/303/227 
f 320/412/321 319/411/320 226/303/227 
f 226/303/227 319/411/320 322/414/323 
f 233/310/234 226/303/227 322/414/323 
f 233/310/234 322/414/323 323/415/324 
f 323/415/324 322/414/323 324/416/325 
f 323/415/324 324/416/325 238/315/239 
f 238/315/239 324/416/325 325/417/326 
f 326/418/327 325/417/326 324/416/325 
f 266/347/267 326/418/327 324/416/325 
f 327/419/328 325/417/326 326/418/327 
f 265/346/266 327/419/328 326/418/327 
f 327/419/328 241/318/242 325/417/326 
f 324/416/325 322/414/323 328/420/329 
f 269/350/270 324/416/325 328/420/329 
f 269/350/270 328/420/329 319/411/320 
f 328/420/329 322/414/323 319/411/320 
f 318/410/319 321/413/322 309/397/310 
f 219/296/220 309/397/310 321/413/322 
f 310/401/311 307/393/308 304/390/305 
f 308/396/309 309/397/310 219/296/220 
f 304/390/305 307/393/308 305/391/306 
f 304/390/305 301/387/302 298/384/299 
f 317/409/318 298/384/299 287/373/288 
f 286/372/287 315/406/316 287/373/288 
f 286/372/287 283/369/284 316/408/317 
f 316/421/317 283/368/284 274/355/275 
f 285/371/286 288/374/289 284/370/285 
f 284/370/285 280/364/281 281/365/282 
f 282/367/283 279/361/280 277/358/278 
f 276/357/277 282/367/283 277/358/278 
f 274/355/275 283/368/284 276/357/277 
f 273/354/274 316/421/317 274/355/275 
f 272/403/273 313/404/314 273/407/274 
f 270/351/271 311/399/312 272/353/273 
f 269/350/270 319/411/320 270/351/271 
f 266/347/267 324/416/325 269/350/270 
f 267/348/268 268/349/269 271/352/272 
f 267/348/268 275/356/276 263/342/264 
f 266/347/267 265/346/266 326/418/327 
f 327/419/328 265/346/266 264/345/265 
f 245/322/246 327/419/328 264/345/265 
f 257/422/258 264/345/265 262/344/263 
f 247/324/248 264/345/265 257/422/258 
f 275/356/276 261/343/262 263/342/264 
f 258/337/259 262/341/263 260/339/261 
f 257/336/258 262/341/263 258/337/259 
f 250/327/251 247/324/248 257/422/258 
f 245/322/246 264/345/265 247/324/248 
f 327/419/328 245/322/246 241/318/242 
f 238/315/239 325/417/326 241/318/242 
f 235/312/236 323/415/324 238/315/239 
f 235/312/236 233/310/234 323/415/324 
f 229/306/230 226/303/227 233/310/234 
f 321/413/322 226/303/227 223/300/224 
f 219/296/220 321/413/322 223/300/224 
f 215/292/216 308/396/309 219/296/220 
f 215/292/216 213/291/214 306/394/307 
f 210/285/211 306/392/307 213/288/214 
f 207/282/208 303/389/304 210/285/211 
f 203/279/204 302/388/303 207/282/208 
f 203/279/204 200/276/201 302/388/303 
f 197/273/198 300/386/301 200/276/201 
f 195/271/196 300/386/301 197/273/198 
f 182/423/183 183/424/184 185/425/186 186/426/187 188/427/189 189/428/190 191/429/192 192/430/193 194/431/195 196/432/197 198/433/199 199/434/200 201/435/202 202/436/203 204/437/205 205/438/206 206/439/207 208/440/209 209/441/210 211/442/212 212/443/213 214/444/215 216/445/217 217/446/218 218/447/219 220/448/221 221/449/222 222/450/223 224/451/225 225/452/226 227/453/228 228/454/229 230/455/231 231/456/232 232/457/233 234/458/235 236/459/237 237/460/238 239/461/240 240/462/241 242/463/243 243/464/244 244/465/245 246/466/247 248/467/249 249/468/250 251/469/252 252/470/253 254/471/255 255/472/256 256/473/257 171/474/172 172/475/173 173/476/174 175/477/176 176/478/177 177/479/178 179/480/180 180/481/181 
f 193/269/194 299/385/300 195/271/196 
f 193/269/194 190/266/191 297/383/298 
f 187/263/188 296/382/297 190/266/191 
f 184/260/185 295/381/296 187/263/188 
f 184/260/185 181/257/182 295/381/296 
f 181/257/182 178/254/179 294/380/295 
f 174/250/175 280/364/281 178/254/179 
f 171/247/172 256/335/257 170/246/171 
f 253/332/254 169/245/170 170/246/171 
f 169/245/170 259/338/260 164/240/165 
f 167/243/168 174/250/175 168/244/169 
f 278/362/279 167/243/168 166/242/167 
f 166/359/167 165/482/166 261/343/262 
f 259/338/260 165/241/166 164/240/165 
f 102/112/102 160/172/161 98/108/98 94/103/94 27/29/27 109/120/110 140/152/141 94/113/103 
s 7
f 329/483/330 330/484/331 331/485/332 332/486/333 
s 3
f 333/487/334 334/488/335 335/489/336 336/490/337 
f 337/491/338 338/492/339 339/493/340 
s 7
f 340/494/341 341/495/342 342/496/343 343/497/344 
s 3
f 344/498/345 345/499/346 346/500/347 
s 28
f 347/501/348 335/489/336 348/502/349 
s 4
f 349/503/350 350/504/351 351/505/352 
s 35
f 352/506/353 353/507/354 354/508/355 347/501/348 
s 13
f 355/509/356 356/510/357 346/500/347 345/499/346 
s 1152
f 357/511/358 358/512/359 359/513/360 
s 7
f 360/514/361 361/515/362 362/516/363 363/517/364 
s 458759
f 364/518/365 365/519/366 366/520/367 367/521/368 
s 49152
f 368/522/369 369/523/370 370/524/371 366/520/367 
s 13
f 371/525/372 372/526/373 373/527/374 374/528/375 
s 8192
f 375/529/376 376/530/377 377/531/378 
s 6
f 378/532/379 379/533/380 380/534/381 
s 131184
f 381/535/382 382/536/383 372/526/373 
s 9
f 383/537/384 384/538/385 382/536/383 
s 56
f 385/539/386 362/516/363 386/540/387 387/541/388 
s 208
f 347/501/348 348/502/349 388/542/389 
s 196608
f 389/543/390 331/485/332 390/544/391 391/545/392 
s 16405
f 392/546/393 393/547/394 394/548/395 395/549/396 
s 99
f 396/550/397 377/531/378 380/534/381 379/533/380 
s 4103
f 397/551/398 398/552/399 399/553/400 400/554/401 
s 5
f 401/555/402 402/556/403 403/557/404 
s 266240
f 404/558/405 405/559/406 390/544/391 406/560/407 
s 28
f 378/532/379 380/534/381 407/561/408 408/562/409 
s 32864
f 409/563/410 368/522/369 366/520/367 
s 208
f 410/564/411 411/565/412 386/540/387 362/516/363 
s 152
f 356/510/357 412/566/413 346/500/347 
s 12
f 413/567/414 414/568/415 415/569/416 416/570/417 
s 26
f 417/571/418 418/572/419 342/496/343 341/495/342 
s 4225
f 419/573/420 420/574/421 421/575/422 422/576/423 
s 69648
f 370/524/371 367/521/368 366/520/367 
s 48
f 423/577/424 417/578/418 341/579/342 
s 258
f 424/580/425 352/506/353 347/501/348 
s 1664
f 425/581/426 347/501/348 388/542/389 426/582/427 
s 18
f 427/583/428 428/584/429 429/585/430 
s 16
f 430/586/431 357/511/358 359/513/360 
s 136
f 431/587/432 383/537/384 382/536/383 
s 131584
f 381/535/382 372/526/373 351/505/352 
s 2784
f 432/588/433 433/589/434 342/496/343 434/590/435 
s 34
f 435/591/436 337/491/338 339/493/340 
s 37
f 436/592/437 437/593/438 438/594/439 
s 193
f 338/492/339 439/595/440 407/561/408 339/493/340 
s 49152
f 395/549/396 394/548/395 377/531/378 
s 9864
f 376/530/377 440/596/441 361/597/362 377/531/378 
s 1033
f 426/582/427 388/542/389 441/598/442 442/599/443 
s 8242
f 443/600/444 400/554/401 399/553/400 
s 393552
f 406/560/407 390/544/391 331/485/332 444/601/445 
s 1664
f 356/510/357 331/485/332 412/566/413 
s 2560
f 425/581/426 445/602/446 347/501/348 
s off
f 333/487/334 446/603/447 334/488/335 
s 2092
f 447/604/448 448/605/449 449/606/450 405/559/406 
s 17
f 353/507/354 450/607/451 354/508/355 
s 266
f 428/608/429 451/609/452 429/610/430 
s 65664
f 377/531/378 361/597/362 395/549/396 
s 770
f 452/611/453 336/490/337 335/489/336 382/536/383 
s 4132
f 354/508/355 335/489/336 347/501/348 
s 16395
f 369/523/370 453/612/454 370/524/371 
s 8194
f 390/544/391 405/559/406 438/594/439 
s 2082
f 437/593/438 391/545/392 390/544/391 438/594/439 
s 513
f 384/538/385 452/611/453 382/536/383 
s 17218
f 344/498/345 346/500/347 454/613/455 455/614/456 
s 40992
f 346/500/347 416/570/417 415/569/416 
s 71
f 456/615/457 413/567/414 416/570/417 
s 4380
f 457/616/458 458/617/459 459/618/460 419/573/420 422/576/423 
s 4177
f 404/558/405 460/619/461 405/559/406 
s 104464
f 412/566/413 416/570/417 346/500/347 
s 57
f 430/586/431 359/513/360 330/484/331 329/483/330 
s 770
f 461/620/462 362/516/363 361/515/362 440/621/441 
s 1152
f 462/622/463 410/564/411 362/516/363 
s 36
f 433/589/434 343/497/344 342/496/343 
s 200
f 463/623/464 374/528/375 373/527/374 354/508/355 
s 3328
f 335/489/336 464/624/465 382/536/383 
s 32964
f 401/555/402 403/557/404 443/600/444 465/625/466 
s 4
f 466/626/467 467/627/468 468/628/469 
s 4096
f 398/552/399 469/629/470 399/553/400 
s 100616
f 399/553/400 441/598/442 388/542/389 
s 512
f 470/630/471 432/588/433 434/590/435 
s 5123
f 371/525/372 471/631/472 372/526/373 
s 8584
f 438/594/439 405/559/406 449/606/450 
s 1281
f 436/592/437 438/594/439 449/606/450 472/632/473 
s 2052
f 473/633/474 332/486/333 331/485/332 
s 527560
f 409/563/410 366/520/367 415/569/416 414/568/415 
s 262144
f 474/634/475 454/613/455 366/520/367 365/519/366 
s 336
f 403/557/404 400/554/401 443/600/444 
s 1792
f 475/635/476 400/554/401 403/557/404 476/636/477 
s 2048
f 477/637/478 447/604/448 405/559/406 
s 64
f 460/619/461 477/637/478 405/559/406 
s 65
f 340/494/341 478/638/479 341/495/342 
s 928
f 423/577/424 341/579/342 367/521/368 479/639/480 
s 4192
f 480/640/481 481/641/482 388/542/389 348/502/349 
s off
f 446/603/447 482/642/483 334/488/335 
s 1
f 420/574/421 483/643/484 421/575/422 
s 4
f 483/643/484 484/644/485 421/575/422 
s 130
f 456/615/457 416/570/417 359/513/360 358/512/359 
s 65792
f 412/566/413 359/513/360 416/570/417 
s 26176
f 485/645/486 422/576/423 386/540/387 411/565/412 
s 270592
f 351/505/352 372/526/373 342/496/343 
s 267272
f 486/646/487 351/505/352 342/496/343 418/572/419 
s 548
f 435/591/436 339/493/340 394/548/395 393/547/394 
s 2184
f 380/534/381 339/493/340 407/561/408 
s 12
f 385/539/386 363/517/364 362/516/363 
s 1
f 396/550/397 375/529/376 377/531/378 
s 1030
f 486/646/487 349/503/350 351/505/352 
s 18
f 487/647/488 408/562/409 407/561/408 
s 144
f 450/607/451 463/623/464 354/508/355 
s 24640
f 464/624/465 354/508/355 373/527/374 
s 13312
f 464/624/465 335/489/336 354/508/355 
s 193
f 488/648/489 442/599/443 441/598/442 
s 32832
f 469/629/470 488/648/489 441/598/442 399/553/400 
s 131328
f 451/609/452 489/649/490 395/549/396 429/610/430 
s 196608
f 468/628/469 399/553/400 388/542/389 
s 151558
f 466/626/467 468/628/469 388/542/389 481/641/482 
s 4352
f 490/650/491 479/639/480 367/521/368 370/524/371 
s 2
f 453/612/454 490/650/491 370/524/371 
s 12
f 491/651/492 397/551/398 400/554/401 
s 520
f 475/635/476 491/651/492 400/554/401 
s 16384
f 474/634/475 455/614/456 454/613/455 
s 12800
f 492/652/493 331/485/332 356/510/357 
s 8198
f 493/653/494 492/652/493 356/510/357 355/509/356 
s 256
f 494/654/495 457/616/458 422/576/423 
s 16384
f 485/645/486 494/654/495 422/576/423 
s 3
f 493/653/494 495/655/496 492/652/493 
s 2304
f 445/602/446 424/580/425 347/501/348 
s 1280
f 461/620/462 462/622/463 362/516/363 
s 32804
f 382/536/383 373/527/374 372/526/373 
s 51200
f 464/624/465 373/527/374 382/536/383 
s 8194
f 422/576/423 421/575/422 386/540/387 
s 2342
f 484/644/485 387/541/388 386/540/387 421/575/422 
s 16393
f 335/489/336 334/488/335 348/502/349 
s 16640
f 482/642/483 496/656/497 348/502/349 334/488/335 
s 4113
f 427/583/428 429/585/430 361/515/362 360/514/361 
s 202816
f 361/597/362 429/610/430 395/549/396 
s 6656
f 380/534/381 394/548/395 339/493/340 
s 37184
f 377/531/378 394/548/395 380/534/381 
s 73872
f 431/587/432 382/536/383 381/535/382 497/657/498 
s 82432
f 350/504/351 497/657/498 381/535/382 351/505/352 
s 17410
f 331/485/332 330/484/331 412/566/413 
s 24864
f 412/566/413 330/484/331 359/513/360 
s 1600
f 449/606/450 407/561/408 439/595/440 472/632/473 
s 546
f 407/561/408 449/606/450 448/605/449 487/647/488 
s 2240
f 498/658/499 367/521/368 341/579/342 478/659/479 
s 2052
f 498/658/499 364/518/365 367/521/368 
s 8704
f 415/569/416 454/613/455 346/500/347 
s 524288
f 366/520/367 454/613/455 415/569/416 
s 4096
f 471/631/472 470/630/471 434/590/435 372/526/373 
s 10240
f 372/526/373 434/590/435 342/496/343 
s 288
f 496/656/497 480/640/481 348/502/349 
s 67592
f 389/543/390 473/633/474 331/485/332 
s 11
f 499/660/500 392/546/393 395/549/396 
s 8
f 489/649/490 499/660/500 395/549/396 
s 8704
f 443/600/444 399/553/400 468/628/469 
s 34304
f 465/625/466 443/600/444 468/628/469 467/627/468 
s 32769
f 495/655/496 500/661/501 492/652/493 
s 37120
f 500/661/501 444/601/445 331/485/332 492/652/493 
s 1033
f 476/636/477 403/557/404 402/556/403 459/618/460 458/617/459 
s off
f 479/662/480 490/663/491 453/664/454 369/665/370 368/666/369 409/667/410 414/668/415 413/669/414 456/670/457 358/671/359 357/672/358 430/673/431 329/674/330 332/675/333 473/676/474 389/677/390 391/678/392 437/679/438 436/680/437 472/681/473 439/682/440 338/683/339 337/684/338 435/685/436 393/686/394 392/687/393 499/688/500 489/689/490 451/690/452 428/691/429 427/692/428 360/693/361 363/694/364 385/695/386 387/696/388 484/697/485 483/698/484 420/699/421 419/700/420 459/701/460 402/702/403 401/703/402 465/704/466 467/705/468 466/706/467 481/707/482 480/708/481 496/709/497 482/710/483 446/711/447 333/712/334 336/713/337 452/714/453 384/715/385 383/716/384 431/717/432 497/718/498 350/719/351 349/720/350 486/721/487 418/722/419 417/723/418 423/724/424 
f 488/725/489 469/726/470 398/727/399 397/728/398 491/729/492 475/730/476 476/731/477 458/732/459 457/733/458 494/734/495 485/735/486 411/736/412 410/737/411 462/738/463 461/739/462 440/740/441 376/741/377 375/742/376 396/743/397 379/744/380 378/745/379 408/746/409 487/747/488 448/748/449 447/749/448 477/750/478 460/751/461 404/752/405 406/753/407 444/754/445 500/755/501 495/756/496 493/757/494 355/758/356 345/759/346 344/760/345 455/761/456 474/762/475 365/763/366 364/764/365 498/765/499 478/766/479 340/767/341 343/768/344 433/769/434 432/770/433 470/771/471 471/772/472 371/773/372 374/774/375 463/775/464 450/776/451 353/777/354 352/778/353 424/779/425 445/780/446 425/781/426 426/782/427 442/783/443 
# 123 polygons - 510 triangles

#
# object Stone2
#

v  31.4224 12.2805 -6.3323
v  31.0821 6.3532 -8.7378
v  35.5361 7.6083 -11.6701
v  35.5353 26.3412 -16.6973
v  32.9209 25.6537 -20.3693
v  31.3496 26.2007 -18.2525
v  29.1707 11.0737 -5.2748
v  30.8285 27.1840 -12.0823
v  27.0728 26.7863 -12.1127
v  28.8391 27.0571 -9.0797
v  21.2090 24.4191 -7.8251
v  21.2800 24.9852 -13.2980
v  19.4754 19.9217 -9.2074
v  39.2280 21.7526 -21.3257
v  43.8021 20.5170 -16.8808
v  44.5811 18.2400 -20.1409
v  32.2930 25.3037 -10.8697
v  32.9965 26.6774 -13.8040
v  31.1568 26.7837 -11.2289
v  26.5305 26.2352 -6.1088
v  28.4346 21.3145 -2.0435
v  32.4216 20.0967 -4.3478
v  20.0126 20.6737 -7.8868
v  19.9391 19.1099 -8.6594
v  25.4471 22.0878 -2.9674
v  41.7153 20.0251 -12.9511
v  43.5270 20.0128 -14.9052
v  41.2727 22.6470 -16.8464
v  25.6853 25.7825 -5.1366
v  24.8973 24.9745 -4.5238
v  26.5379 22.4990 -2.1170
v  24.4831 26.2108 -10.9877
v  22.0135 25.0695 -8.5385
v  22.0486 25.3331 -13.9569
v  21.5001 25.1382 -11.6886
v  36.6857 11.4612 -11.1163
v  35.3062 13.5656 -9.1045
v  40.3651 23.2086 -16.8281
v  36.2809 21.8239 -11.0860
v  24.6311 17.6770 -5.7517
v  28.1152 17.8510 -2.7044
v  27.9114 20.2921 -1.7783
v  31.1426 19.5760 -3.4500
v  18.2204 15.9439 -12.6096
v  36.3730 25.9137 -16.6933
v  35.5369 23.3902 -12.9167
v  39.0574 24.0551 -17.9100
v  24.7605 23.1314 -3.3507
v  36.7847 19.4544 -7.9575
v  39.4898 19.9329 -10.5150
v  35.1873 21.5936 -9.9395
v  31.2623 21.6619 -5.3258
v  37.2357 18.6861 -8.2520
v  40.0297 17.2541 -11.1323
v  41.8110 19.2533 -12.3059
v  20.1090 14.6009 -10.9827
v  18.7568 16.2238 -11.3510
v  21.5883 24.8711 -16.8593
v  24.9565 26.2776 -13.2069
v  24.0048 24.9763 -19.9288
v  30.0928 26.9039 -14.3427
v  31.3017 5.5563 -9.7031
v  35.8303 25.8675 -17.9086
v  29.0320 12.9001 -4.4374
v  32.9841 19.2544 -4.7413
v  28.4477 13.7636 -4.4870
v  25.9535 11.6206 -8.1421
v  32.9086 23.1612 -9.5071
v  27.7949 26.4097 -16.1313
v  45.0399 18.6019 -18.5561
v  44.2552 19.8320 -16.1440
v  29.4257 5.0029 -8.5339
v  28.9719 6.9826 -7.0689
v  28.3836 4.9951 -8.3227
v  23.3944 25.2300 -6.2963
v  21.6030 23.9293 -6.5564
v  36.2026 19.3406 -7.2588
v  29.2110 24.3237 -6.4061
v  23.6945 13.2230 -9.3344
v  28.8810 14.7807 -3.6453
v  28.7409 16.8181 -2.9078
v  32.6312 26.8822 -14.8215
v  34.1146 26.6690 -15.6959
v  36.4078 7.2083 -13.0993
v  34.7641 22.7803 -10.9179
v  28.6127 11.9872 -5.2114
v  39.1240 11.3197 -14.6528
v  25.5991 25.0207 -20.9397
v  21.0909 24.1397 -16.3943
v  37.5024 13.0848 -11.0417
v  21.0367 22.8241 -6.3104
v  34.6357 23.3066 -22.3572
v  32.5133 24.7871 -22.4607
v  44.5576 16.3244 -18.8930
v  29.2386 9.1302 -6.1825
v  18.7789 17.4183 -10.3815
v  28.7312 10.1513 -5.9345
v  44.6705 17.2947 -19.5007
v  25.4168 9.7841 -9.4841
v  21.2924 12.2080 -11.5691
v  43.7955 13.4268 -19.8801
v  44.0299 15.0511 -20.9453
v  22.3947 10.0132 -11.8640
v  23.8965 8.3875 -11.2776
v  36.9917 21.6539 -23.0675
v  36.2393 21.9990 -23.0722
v  28.7357 3.9854 -9.9033
v  28.2235 4.0006 -9.7712
v  43.2443 12.6019 -19.2197
v  43.1648 12.5061 -19.1387
v  25.9236 24.7530 -21.9180
v  25.2478 24.7205 -21.7112
v  26.4020 5.1831 -9.9962
v  26.2040 5.3968 -10.0731
v  23.9195 24.5715 -21.2524
v  23.4281 24.5015 -21.0735
v  44.0334 15.2509 -21.0694
v  43.3584 17.7935 -22.4489
v  18.6936 16.5744 -14.8826
v  20.3853 20.9870 -18.0680
v  38.8629 8.9104 -15.7352
v  38.0339 8.1355 -15.0289
v  35.9300 6.7726 -13.6080
v  32.2051 5.3689 -11.7142
v  26.8912 24.7911 -22.2088
v  29.1129 24.8078 -22.8330
v  26.6573 4.8840 -9.8825
v  35.0909 22.5664 -23.1043
v  40.1523 20.2958 -23.1043
v  43.1186 18.2553 -22.6671
v  22.3203 10.0895 -11.8904
v  29.7071 24.7867 -22.9842
v  36.9261 7.1076 -14.0896
v  37.1723 7.3607 -14.3135
v  25.7933 5.9724 -10.3142
v  41.0202 10.7524 -17.4659
v  42.3807 11.7573 -18.4609
v  21.0387 23.5044 -19.7991
v  20.6169 21.8875 -18.6866
v  43.4193 12.7820 -19.3790
v  18.0588 15.1960 -13.8582
v  18.0152 15.0246 -13.7405
v  18.7634 14.1461 -13.4062
v  39.4582 20.6392 -23.1241
v  39.9534 9.8450 -16.6123
v  36.3276 6.8806 -13.7845
v  22.2171 10.1815 -11.9185
v  21.3506 24.0398 -20.2151
v  21.4230 24.1440 -20.2993
v  22.1561 24.3006 -20.5983
v  29.7871 4.3570 -10.4227
v  30.2584 4.5222 -10.6548
v  34.1365 23.1154 -23.1787
v  19.0672 13.8129 -13.2849
v  36.9334 7.0750 -14.0716
v  27.9945 4.1150 -9.7783
v  38.0462 21.2509 -23.1106
v  20.8323 11.9012 -12.5951
v  21.3397 11.3312 -12.3843
v  44.0409 15.1475 -21.0078
v  33.0443 23.8415 -23.3242
v  31.8736 24.6015 -23.4688
v  31.6598 24.7096 -23.4763
v  20.1436 18.9357 -31.7761
v  21.2494 18.1992 -33.5642
v  19.3895 16.4569 -32.2198
v  18.4617 14.1483 -30.6136
v  20.6514 21.3365 -26.8903
v  20.6390 20.6194 -29.6967
v  21.3086 21.8228 -27.5481
v  21.1400 22.1454 -26.4233
v  20.7858 21.8486 -26.1427
v  19.9222 18.3758 -23.7650
v  19.6459 17.2740 -23.3826
v  19.6922 17.4942 -23.1584
v  19.6505 17.3321 -23.0470
v  19.4068 16.5439 -22.4942
v  18.9016 14.9061 -24.1445
v  19.0220 15.3525 -21.6541
v  18.7325 14.7041 -21.1747
v  16.6242 9.7435 -21.3148
v  17.1334 11.5562 -18.7939
v  17.0898 11.2963 -18.6218
v  16.7285 9.9168 -20.0655
v  17.3145 10.9339 -18.4606
v  17.3900 10.8435 -18.4258
v  17.4698 6.5462 -21.6499
v  17.7037 10.3711 -18.2215
v  19.8678 8.1362 -17.4430
v  18.1191 5.1531 -21.7500
v  20.0584 7.9037 -17.3524
v  20.3304 7.5489 -17.2090
v  19.5716 3.7078 -20.6964
v  20.7426 6.9599 -16.9601
v  21.2103 3.3388 -18.4937
v  22.7671 3.7924 -15.5686
v  23.5197 0.8307 -16.9899
v  23.7317 2.5794 -15.0880
v  24.1844 2.3975 -15.1010
v  24.4803 0.4644 -16.9970
v  24.4965 2.1123 -15.0116
v  25.6903 1.4631 -14.9416
v  26.9318 0.7469 -14.8922
v  26.9362 0.7715 -14.8599
v  26.9420 0.7684 -14.8595
v  28.0614 1.1796 -15.4222
v  28.7759 0.1838 -18.4517
v  28.5660 1.3115 -15.6428
v  29.1085 1.5158 -15.9186
v  29.9231 0.3823 -19.5578
v  32.0523 2.8022 -17.5244
v  33.9982 3.6132 -18.5616
v  33.9997 3.4483 -18.9047
v  34.3905 3.7362 -18.7457
v  37.2568 3.5270 -21.8015
v  36.3966 4.2773 -19.6334
v  37.6988 4.5497 -20.1610
v  38.6271 4.8106 -20.5782
v  37.6423 4.2542 -22.2457
v  38.8015 5.1720 -20.8490
v  39.0715 5.8409 -21.3356
v  39.7741 8.1178 -22.9322
v  39.0658 7.9289 -24.1990
v  39.9725 8.7530 -23.3782
v  40.3400 10.3587 -24.4688
v  38.5174 10.0032 -27.6431
v  40.6983 11.8875 -25.5095
v  40.8712 12.9404 -26.2058
v  40.3736 13.2154 -27.3677
v  40.8676 13.4479 -26.5174
v  40.7432 13.9520 -26.7935
v  40.5759 15.0156 -27.4024
v  39.7071 13.7954 -29.1316
v  40.4532 16.0156 -27.9844
v  39.1173 16.4041 -31.1515
v  40.3320 16.8798 -28.4833
v  39.8026 17.1392 -28.4967
v  36.5153 17.3805 -31.9521
v  39.2031 17.7186 -28.6880
v  36.0362 19.1429 -28.6902
v  34.8154 18.5225 -31.5302
v  35.3365 19.5165 -28.7269
v  34.7352 19.8217 -28.7488
v  32.5000 21.0763 -28.9039
v  30.3388 20.9473 -32.0363
v  30.3670 22.4562 -29.1644
v  28.3626 21.1266 -31.9197
v  29.8386 22.5380 -29.0688
v  28.5255 22.6262 -28.7603
v  27.0172 22.2779 -29.3576
v  27.1323 22.6760 -28.4060
v  25.9667 22.6200 -28.0494
v  24.3454 21.6525 -29.8063
v  23.9990 22.5280 -27.4490
v  22.0674 22.3205 -26.7875
v  21.4393 22.2310 -26.5588
v  25.6171 20.4230 -32.6394
v  23.6726 20.3120 -32.1290
v  20.8888 19.2217 -32.4845
v  22.8533 19.4320 -33.1787
v  22.0250 14.6728 -34.1888
v  23.9831 19.3390 -33.1163
v  23.7272 13.7726 -34.1709
v  27.6507 20.1695 -32.5220
v  28.3857 14.0403 -33.0865
v  28.6352 11.2015 -33.4887
v  24.9980 5.3547 -34.2270
v  27.2863 6.5679 -33.9103
v  31.2351 8.3194 -33.3071
v  30.5652 5.8310 -31.8979
v  25.0945 3.6884 -33.4280
v  26.3984 3.0931 -32.3164
v  23.2204 4.2413 -34.2561
v  22.5278 4.8552 -34.3689
v  22.1904 12.7105 -34.3298
v  19.7626 7.6773 -34.3296
v  20.0779 11.6157 -33.1586
v  18.7430 14.1847 -31.9152
v  17.8972 12.3448 -31.4579
v  17.7090 11.8257 -28.0629
v  18.9295 7.5113 -33.6825
v  19.0828 9.5859 -33.1219
v  20.7827 4.9993 -34.3460
v  18.7280 7.2489 -30.1500
v  19.7415 5.6752 -27.6622
v  21.9139 2.8492 -30.4265
v  19.8568 4.7288 -25.3990
v  18.7837 6.5762 -26.4632
v  17.8932 6.8987 -24.5263
v  17.9557 7.6558 -25.0035
v  18.4619 7.1137 -27.1692
v  18.0250 9.7626 -26.4080
v  17.4088 10.9356 -24.6259
v  17.0500 10.4082 -23.0083
v  16.8255 8.0288 -21.5108
v  17.8760 5.8063 -22.3397
v  19.1146 3.6110 -21.8250
v  21.4048 1.5477 -25.2304
v  21.2329 1.3695 -20.6811
v  21.9509 0.7334 -20.6726
v  24.8114 0.3197 -20.6282
v  26.2008 0.5192 -15.9545
v  29.2559 0.1304 -20.5569
v  25.4700 0.8454 -23.8167
v  30.1398 0.1404 -20.5425
v  34.4742 1.0970 -23.5729
v  34.1395 1.2164 -24.7845
v  34.9576 1.7530 -23.9988
v  32.2187 2.3967 -29.8239
v  29.5244 2.4721 -30.3617
v  28.3869 2.7547 -31.3393
v  27.5504 2.7802 -31.4070
v  24.5567 2.6307 -30.5935
v  21.9969 1.6554 -26.1316
v  21.7656 2.4053 -28.8003
v  21.5856 4.3916 -34.1791
v  21.6367 2.0294 -27.0590
v  33.2134 5.3410 -30.9641
v  34.9010 8.8096 -32.6091
v  34.6120 7.4912 -31.6837
v  33.5613 4.7846 -30.3771
v  36.7019 11.7482 -32.4278
v  38.6574 15.1686 -31.6505
v  35.0494 13.7993 -32.7413
v  33.9823 18.0605 -32.1169
v  31.3588 13.6222 -32.8311
v  31.4228 19.6078 -32.1434
v  34.4581 9.4900 -32.9513
v  43.7948 13.4242 -19.8818
v  43.6988 13.0594 -20.0061
v  43.9698 14.9040 -21.1763
v  44.0291 15.0468 -20.9459
v  22.3945 10.0178 -11.8702
v  22.2901 10.0257 -11.9524
v  23.2246 7.7768 -12.0765
v  23.8963 8.3934 -11.2847
v  36.2381 21.9894 -23.0693
v  36.9904 21.6444 -23.0647
v  35.6863 21.5871 -24.0793
v  32.0536 2.8120 -17.5268
v  33.9864 5.0072 -15.6823
v  28.3259 2.6168 -12.4251
v  29.1100 1.5274 -15.9222
v  39.0725 5.8464 -21.3353
v  39.7749 8.1210 -22.9304
v  41.5486 8.5935 -19.7598
v  20.5344 8.5838 -16.2767
v  21.4293 9.6787 -13.9296
v  28.7359 3.9948 -9.9127
v  28.2237 4.0101 -9.7805
v  28.0615 3.0006 -11.2508
v  20.7438 6.9676 -16.9612
v  22.7685 3.8029 -15.5714
v  23.9204 4.1382 -13.4086
v  39.9733 8.7555 -23.3760
v  41.5176 10.1581 -21.9790
v  43.2436 12.6003 -19.2220
v  43.1642 12.5046 -19.1411
v  43.2280 12.1872 -19.4624
v  25.9223 24.7424 -21.9145
v  27.3839 23.5380 -26.3148
v  23.6657 23.3601 -25.1778
v  25.2465 24.7101 -21.7079
v  36.3978 4.2849 -19.6344
v  37.6999 4.5567 -20.1617
v  38.6220 6.6904 -16.7390
v  35.8156 4.7922 -18.1689
v  38.0336 8.1392 -15.0345
v  37.1721 7.3653 -14.3198
v  37.2145 7.0085 -14.5979
v  25.6918 1.4753 -14.9456
v  27.2976 2.7999 -12.2193
v  24.5186 4.2982 -12.3960
v  24.4980 2.1241 -15.0153
v  29.8385 22.5287 -29.0591
v  28.5255 22.6171 -28.7507
v  30.3778 23.0441 -28.0180
v  34.7353 19.8142 -28.7402
v  32.5000 21.0680 -28.8948
v  34.6492 21.1959 -25.7823
v  27.8372 3.7683 -10.3766
v  25.9059 4.8446 -10.5699
v  26.4021 5.1918 -10.0051
v  26.2041 5.4053 -10.0818
v  23.9182 24.5615 -21.2493
v  21.7144 23.0826 -24.4676
v  23.4268 24.4916 -21.0705
v  17.8585 12.9010 -15.9575
v  44.0326 15.2465 -21.0699
v  42.5154 17.4794 -24.0363
v  43.3574 17.7867 -22.4479
v  33.0429 23.8306 -23.3205
v  34.1352 23.1050 -23.1754
v  32.9827 22.6641 -25.0706
v  31.2873 24.4204 -24.3860
v  30.3669 22.4469 -29.1547
v  18.7332 14.7045 -21.1712
v  17.1343 11.5600 -18.7925
v  17.4964 12.8496 -16.9992
v  19.0467 15.4419 -21.1504
v  18.6930 16.5732 -14.8851
v  20.3843 20.9812 -18.0676
v  19.6966 17.9081 -19.6990
v  40.5762 15.0119 -27.3962
v  40.8061 17.0597 -27.4356
v  40.7436 13.9493 -26.7880
v  35.7300 20.2598 -26.6018
v  35.3366 19.5092 -28.7185
v  38.8626 8.9132 -15.7403
v  22.0674 22.3128 -26.7788
v  21.4394 22.2235 -26.5502
v  42.7641 11.1469 -20.1954
v  41.0197 10.7530 -17.4696
v  39.9530 9.8467 -16.6166
v  41.0607 7.8802 -19.2296
v  42.4904 10.3132 -19.6490
v  32.2052 5.3764 -11.7223
v  30.2585 4.5309 -10.6636
v  21.0375 23.4959 -19.7970
v  21.3494 24.0308 -20.2126
v  21.3943 24.0135 -20.8707
v  20.9558 22.4898 -25.1882
v  35.9298 6.7780 -13.6148
v  20.3315 7.5561 -17.2098
v  19.8689 8.1429 -17.4434
v  17.7047 10.3759 -18.2208
v  26.8898 24.7803 -22.2052
v  29.1115 24.7966 -22.8292
v  28.5976 24.4768 -23.8810
v  43.4186 12.7802 -19.3811
v  26.6574 4.8929 -9.8915
v  28.0630 1.1917 -15.4261
v  28.5675 1.3234 -15.6466
v  27.5047 1.9687 -13.0627
v  35.0896 22.5563 -23.1012
v  40.1511 20.2871 -23.1021
v  43.1175 18.2481 -22.6659
v  41.4353 18.2659 -25.5696
v  38.0449 21.2416 -23.1080
v  27.1323 22.6671 -28.3965
v  17.3869 11.0622 -18.2641
v  17.3909 10.8479 -18.4248
v  17.9544 14.7149 -14.6652
v  40.8681 13.4456 -26.5121
v  20.0596 7.9106 -17.3530
v  22.3200 10.0941 -11.8966
v  39.8028 17.1335 -28.4893
v  39.2033 17.7124 -28.6803
v  40.0403 17.8176 -27.6646
v  23.7332 2.5909 -15.0915
v  29.7057 24.7754 -22.9803
v  25.7934 5.9803 -10.3225
v  36.9259 7.1124 -14.0960
v  40.1684 6.2590 -19.2046
v  38.8026 5.1783 -20.8492
v  42.3801 11.7567 -18.4637
v  19.9226 18.3724 -23.7590
v  19.6927 17.4917 -23.1530
v  20.6158 21.8807 -18.6856
v  40.4535 16.0108 -27.9776
v  25.9666 22.6113 -28.0401
v  23.9990 22.5198 -27.4400
v  24.1859 2.4090 -15.1046
v  24.3991 5.2450 -11.7464
v  18.0583 15.1963 -13.8617
v  18.7629 14.1473 -13.4102
v  18.0147 15.0250 -13.7441
v  17.7420 13.8025 -15.2478
v  17.0908 11.3004 -18.6206
v  26.9435 0.7811 -14.8638
v  26.9378 0.7842 -14.8642
v  39.4570 20.6303 -23.1217
v  44.0400 15.1432 -21.0083
v  38.6282 4.8173 -20.5786
v  19.4074 16.5423 -22.4894
v  19.6510 17.3297 -23.0417
v  40.3322 16.8743 -28.4759
v  33.9994 3.6219 -18.5633
v  36.3275 6.8859 -13.7911
v  20.8320 11.9042 -12.6004
v  19.0667 13.8143 -13.2891
v  22.2169 10.1860 -11.9247
v  21.4218 24.1349 -20.2967
v  22.1549 24.2912 -20.5956
v  21.1401 22.1380 -26.4149
v  29.7872 4.3658 -10.4317
v  36.0363 19.1359 -28.6819
v  17.3155 10.9382 -18.4596
v  31.6583 24.6980 -23.4722
v  36.9332 7.0799 -14.0780
v  19.0226 15.3523 -21.6501
v  41.5093 12.5864 -24.7130
v  40.3407 10.3596 -24.4656
v  20.7859 21.8416 -26.1344
v  40.6989 11.8868 -25.5052
v  21.3394 11.3347 -12.3898
v  27.9946 4.1244 -9.7876
v  34.3918 3.7446 -18.7473
v  31.8722 24.5900 -23.4648
v  40.8717 12.9386 -26.2009
# 500 vertices

vn 0.5660 -0.3168 0.7611
vn 0.5445 -0.4621 0.6999
vn 0.6567 -0.4488 0.6061
vn 0.3203 0.9472 -0.0152
vn 0.1325 0.9350 -0.3289
vn -0.0227 0.9731 -0.2291
vn 0.0434 -0.4005 0.9153
vn 0.1566 0.9839 0.0862
vn -0.1643 0.9853 -0.0465
vn 0.2083 0.9231 0.3232
vn -0.7632 0.6062 0.2238
vn -0.7456 0.6645 -0.0495
vn -0.9563 0.1438 0.2546
vn 0.4619 0.7707 -0.4389
vn 0.6906 0.7213 -0.0523
vn 0.8573 0.3431 -0.3839
vn 0.5921 0.5890 0.5500
vn 0.4677 0.8309 0.3015
vn 0.5207 0.7499 0.4081
vn 0.1089 0.9081 0.4045
vn 0.3978 0.3689 0.8400
vn 0.6000 0.3793 0.7044
vn -0.8505 -0.0353 0.5248
vn -0.6880 -0.2810 0.6691
vn -0.5835 -0.2220 0.7812
vn 0.5324 0.6695 0.5179
vn 0.8082 0.3014 0.5060
vn 0.5997 0.7995 0.0332
vn -0.0538 0.8496 0.5247
vn -0.3679 0.6466 0.6683
vn -0.1410 0.3143 0.9388
vn -0.2823 0.9583 0.0434
vn -0.4433 0.8855 0.1390
vn -0.4134 0.9058 -0.0923
vn -0.5853 0.8097 0.0430
vn 0.6877 -0.3323 0.6454
vn 0.6101 -0.3579 0.7069
vn 0.5096 0.8188 0.2641
vn 0.4303 0.7530 0.4978
vn -0.5930 -0.3827 0.7085
vn -0.4696 -0.3563 0.8078
vn -0.1212 -0.1659 0.9787
vn 0.5142 -0.0730 0.8545
vn -0.9719 -0.0687 0.2253
vn 0.5252 0.8376 0.1503
vn 0.5385 0.6874 0.4874
vn 0.5357 0.7905 -0.2967
vn -0.5444 0.2385 0.8042
vn 0.5949 0.5018 0.6280
vn 0.5475 0.5552 0.6261
vn 0.4789 0.7105 0.5156
vn 0.5845 0.6834 0.4374
vn 0.6470 -0.1118 0.7542
vn 0.7011 -0.3185 0.6380
vn 0.7707 0.0849 0.6315
vn -0.6279 -0.4532 0.6327
vn -0.7664 -0.4280 0.4790
vn -0.5887 0.8028 -0.0945
vn -0.2373 0.9677 -0.0854
vn -0.2195 0.9521 -0.2131
vn -0.0653 0.9883 -0.1381
vn 0.5280 -0.7081 0.4689
vn 0.3670 0.8524 -0.3724
vn -0.0146 -0.4025 0.9153
vn 0.5892 -0.1411 0.7955
vn -0.6109 -0.3594 0.7054
vn -0.6511 -0.3420 0.6776
vn 0.5819 0.6148 0.5323
vn -0.1302 0.9757 -0.1762
vn 0.9731 0.2288 -0.0276
vn 0.8994 0.2374 0.3671
vn 0.3487 -0.6936 0.6304
vn -0.0631 -0.4341 0.8986
vn -0.2516 -0.6060 0.7546
vn -0.4488 0.8226 0.3492
vn -0.6393 0.5528 0.5346
vn 0.6358 0.2721 0.7223
vn 0.5516 0.6257 0.5516
vn -0.5789 -0.3925 0.7147
vn -0.0358 -0.3849 0.9223
vn 0.1210 -0.3148 0.9414
vn 0.1015 0.9933 -0.0556
vn 0.2191 0.9757 0.0044
vn 0.8281 -0.2787 0.4864
vn 0.5616 0.6514 0.5102
vn -0.6122 -0.3479 0.7100
vn 0.7456 -0.3746 0.5512
vn -0.1414 0.9560 -0.2570
vn -0.8982 0.4374 -0.0442
vn 0.6627 -0.3766 0.6473
vn -0.7883 0.1543 0.5957
vn 0.4610 0.7299 -0.5047
vn 0.4603 0.7632 -0.4535
vn -0.0337 -0.9872 -0.1559
vn 0.1670 -0.3833 0.9084
vn -0.8694 -0.1284 0.4771
vn -0.5449 -0.3386 0.7671
vn 0.9706 -0.1402 -0.1956
vn -0.6522 -0.2753 0.7063
vn -0.6501 -0.4456 0.6154
vn 0.5944 -0.6296 -0.5002
vn 0.5324 -0.5092 -0.6762
vn 0.2706 0.8446 0.4620
vn -0.2333 0.1134 0.9658
vn -0.2534 0.1442 0.9566
vn 0.3935 0.8932 0.2174
vn 0.4192 0.8828 0.2118
vn 0.0556 -0.9782 -0.2003
vn -0.2410 -0.9637 -0.1148
vn 0.6258 0.1105 0.7722
vn 0.5474 -0.7783 -0.3075
vn -0.2849 0.3448 -0.8944
vn -0.3172 0.3516 -0.8808
vn -0.2485 0.1309 0.9597
vn -0.7529 -0.6527 -0.0839
vn -0.3508 0.3433 -0.8712
vn -0.3705 0.3368 -0.8656
vn 0.5059 -0.3851 -0.7718
vn 0.4496 -0.2401 -0.8603
vn -0.5626 0.6210 0.5458
vn -0.5760 0.5939 0.5618
vn 0.5821 0.1000 0.8070
vn 0.5193 -0.8113 -0.2685
vn 0.4897 -0.2582 0.8328
vn 0.5187 -0.2421 0.8199
vn -0.2580 0.3738 -0.8909
vn -0.2365 0.3784 -0.8949
vn -0.6820 -0.7293 -0.0551
vn 0.4414 0.8717 0.2126
vn 0.2451 0.2302 -0.9418
vn 0.3950 0.1314 -0.9092
vn -0.2212 0.0892 0.9712
vn -0.2157 0.3690 -0.9040
vn 0.6788 0.2007 0.7064
vn 0.5952 0.1022 0.7970
vn -0.2917 0.1763 0.9401
vn 0.5665 0.0624 0.8217
vn 0.4922 -0.8317 -0.2569
vn -0.8068 -0.0678 -0.5869
vn -0.8005 -0.1848 -0.5701
vn 0.5646 -0.7598 -0.3224
vn -0.8047 -0.1272 -0.5799
vn -0.8653 -0.4203 -0.2732
vn -0.6884 -0.6876 -0.2310
vn 0.1216 0.2320 -0.9651
vn 0.5692 0.0999 0.8161
vn 0.1309 -0.9371 -0.3235
vn -0.6761 -0.7336 -0.0691
vn -0.7748 0.0060 -0.6322
vn -0.6090 0.3300 -0.7213
vn -0.4078 0.3594 -0.8394
vn 0.4912 -0.2098 0.8454
vn 0.1832 -0.9262 -0.3295
vn 0.5012 0.8348 0.2278
vn -0.6723 -0.7017 -0.2360
vn 0.8078 -0.4887 -0.3296
vn -0.4567 -0.8700 -0.1859
vn 0.0730 0.2528 -0.9647
vn -0.3612 0.0175 0.9323
vn -0.4026 0.0327 0.9148
vn 0.5430 -0.4631 -0.7005
vn 0.2199 0.1527 -0.9635
vn 0.1841 0.2191 -0.9582
vn -0.0265 0.3899 -0.9205
vn -0.8235 0.4523 -0.3425
vn -0.3735 0.3142 -0.8728
vn -0.8372 0.2162 -0.5024
vn -0.9474 0.3119 -0.0722
vn -0.8836 0.4546 -0.1123
vn -0.6504 0.7009 -0.2928
vn -0.4657 0.8260 -0.3177
vn -0.3191 0.8874 0.3328
vn -0.5410 0.7048 0.4589
vn -0.8110 -0.1790 -0.5570
vn -0.9629 0.2699 0.0003
vn -0.5627 0.5625 0.6059
vn -0.8033 -0.1653 -0.5721
vn -0.8081 -0.1428 -0.5715
vn -0.9465 0.3224 0.0161
vn -0.8104 -0.0960 -0.5780
vn -0.7981 -0.0779 -0.5975
vn -0.9933 0.0824 -0.0814
vn -0.5651 0.5940 0.5726
vn -0.5997 0.3171 0.7347
vn -0.9447 -0.1319 0.3001
vn -0.3970 0.0917 0.9132
vn -0.7284 -0.6495 -0.2183
vn -0.8782 -0.4225 0.2242
vn -0.3992 0.0581 0.9150
vn -0.7039 -0.6863 -0.1830
vn -0.8584 -0.4934 0.1408
vn -0.7291 -0.6554 -0.1971
vn -0.7448 -0.6348 -0.2058
vn -0.7661 -0.4560 0.4529
vn -0.7576 -0.6130 -0.2241
vn -0.7759 -0.4197 0.4709
vn -0.4045 0.0773 0.9113
vn -0.5281 -0.7229 0.4456
vn -0.2875 -0.1055 0.9519
vn -0.4836 -0.8700 -0.0965
vn -0.2204 -0.9266 0.3048
vn -0.2627 -0.1211 0.9572
vn -0.4664 -0.8672 -0.1742
vn 0.0154 -0.8828 0.4695
vn -0.1314 -0.1299 0.9828
vn 0.1747 -0.3457 0.9219
vn 0.1613 -0.9373 -0.3090
vn 0.1912 -0.9642 0.1839
vn 0.4685 -0.2439 0.8491
vn 0.5145 -0.2037 0.8330
vn 0.3728 -0.8842 0.2813
vn 0.2128 -0.9199 -0.3295
vn 0.1905 -0.9318 -0.3090
vn 0.4671 -0.7834 0.4100
vn 0.1386 -0.9487 -0.2843
vn 0.6428 -0.7634 0.0636
vn 0.1211 -0.9538 -0.2751
vn 0.4296 -0.2338 0.8722
vn 0.7706 -0.2408 0.5901
vn 0.7676 -0.5432 -0.3402
vn 0.8829 -0.0428 0.4675
vn 0.9059 -0.0075 0.4235
vn 0.3358 -0.6086 -0.7189
vn 0.7759 -0.4904 -0.3969
vn 0.9212 0.0253 0.3883
vn 0.3377 -0.5821 -0.7396
vn 0.7773 -0.4590 -0.4302
vn 0.9303 0.0612 0.3616
vn 0.9373 0.1076 0.3314
vn 0.8547 -0.2794 -0.4375
vn 0.9225 0.2636 0.2818
vn 0.4303 -0.3779 -0.8198
vn 0.4511 -0.4038 -0.7959
vn 0.8583 -0.2651 -0.4393
vn 0.8877 0.3140 0.3366
vn 0.6947 0.3820 -0.6095
vn 0.8115 0.5627 0.1578
vn 0.2291 0.2397 -0.9434
vn 0.3359 0.5201 -0.7853
vn 0.5876 0.7959 0.1457
vn 0.1580 0.2569 -0.9534
vn 0.3761 0.7176 -0.5861
vn 0.4320 0.8539 0.2902
vn 0.1844 0.2467 -0.9514
vn 0.2154 0.2275 -0.9496
vn 0.2385 0.6225 -0.7454
vn 0.3364 0.9237 0.1832
vn -0.0094 0.7597 -0.6502
vn 0.1613 0.9565 0.2430
vn 0.1227 0.9545 0.2716
vn -0.1019 0.9079 -0.4067
vn 0.0727 0.9543 0.2900
vn -0.2909 0.3098 -0.9052
vn -0.1909 0.8918 -0.4103
vn 0.0179 0.9537 0.3002
vn -0.0052 0.9506 0.3105
vn -0.0754 0.9443 0.3205
vn -0.0453 0.6406 -0.7665
vn -0.1932 0.8186 -0.5409
vn -0.5084 0.6486 -0.5665
vn -0.0812 0.5845 -0.8073
vn -0.2337 0.1076 -0.9663
vn 0.0384 0.4136 -0.9096
vn 0.1281 0.0993 -0.9868
vn 0.1132 0.3014 -0.9468
vn 0.1609 0.1313 -0.9782
vn 0.1332 0.0853 -0.9874
vn 0.2002 -0.1931 -0.9605
vn 0.2529 -0.2014 -0.9463
vn 0.1991 -0.2439 -0.9492
vn 0.3002 -0.4675 -0.8315
vn 0.1451 -0.7247 -0.6736
vn 0.1574 -0.7976 -0.5823
vn 0.0119 -0.5974 -0.8018
vn -0.0034 -0.1192 -0.9929
vn -0.1901 0.0618 -0.9798
vn -0.3948 0.0319 -0.9182
vn -0.5663 0.1886 -0.8024
vn -0.8166 0.1907 -0.5447
vn -0.9151 0.1199 -0.3850
vn -0.9968 0.0717 -0.0361
vn -0.8509 -0.1967 -0.4871
vn -0.5602 0.2614 -0.7860
vn -0.5104 -0.4647 -0.7235
vn -0.9103 -0.4069 -0.0765
vn -0.8057 -0.5774 -0.1319
vn -0.4881 -0.8351 -0.2537
vn -0.8243 -0.5079 -0.2503
vn -0.8054 -0.5693 -0.1650
vn -0.8908 -0.3422 -0.2990
vn -0.9487 -0.1571 -0.2745
vn -0.9131 -0.3926 -0.1098
vn -0.9718 -0.1791 -0.1531
vn -0.9848 0.1035 -0.1392
vn -0.9740 0.1295 -0.1861
vn -0.9580 -0.2788 0.0666
vn -0.8655 -0.4607 -0.1967
vn -0.8207 -0.5708 0.0278
vn -0.5456 -0.8089 -0.2192
vn -0.6858 -0.6783 0.2637
vn -0.4714 -0.8764 0.0986
vn -0.0858 -0.9942 -0.0654
vn -0.0654 -0.9781 0.1974
vn 0.0203 -0.9984 -0.0527
vn -0.0455 -0.9765 -0.2107
vn 0.1692 -0.9824 0.0790
vn 0.4760 -0.8793 0.0169
vn 0.4314 -0.8459 -0.3136
vn 0.7322 -0.6030 -0.3167
vn 0.3713 -0.7465 -0.5521
vn 0.0158 -0.9616 -0.2739
vn 0.1789 -0.7610 -0.6236
vn -0.0135 -0.9577 -0.2874
vn -0.0698 -0.9507 -0.3020
vn -0.1555 -0.9574 -0.2435
vn -0.5533 -0.7929 -0.2555
vn -0.2558 -0.7023 -0.6643
vn -0.6483 -0.7277 -0.2239
vn 0.3347 -0.4875 -0.8064
vn 0.5163 -0.4242 -0.7440
vn 0.6601 -0.5272 -0.5350
vn 0.6438 -0.5043 -0.5755
vn 0.5629 -0.2138 -0.7984
vn 0.6266 -0.0527 -0.7776
vn 0.1450 0.0997 -0.9844
vn 0.1716 0.3239 -0.9304
vn 0.0516 0.1774 -0.9828
vn 0.1760 0.2057 -0.9626
vn 0.2315 -0.1348 -0.9634
vn 0.8360 0.1470 0.5286
vn 0.9316 -0.3564 -0.0710
vn 0.9244 -0.1900 -0.3307
vn 0.8439 0.2122 0.4927
vn -0.7145 -0.6958 -0.0734
vn -0.7142 -0.3747 0.5911
vn -0.7442 -0.2993 0.5971
vn -0.7479 -0.6601 -0.0705
vn 0.1073 0.1963 -0.9747
vn 0.0724 0.2515 -0.9652
vn 0.3856 0.7977 -0.4637
vn 0.5271 -0.1824 0.8300
vn 0.4651 -0.8153 0.3450
vn 0.3093 -0.8541 0.4182
vn 0.2077 -0.9212 -0.3291
vn 0.3485 -0.6288 -0.6950
vn 0.9095 0.0089 0.4157
vn 0.8568 -0.5021 -0.1174
vn -0.7574 -0.3991 0.5168
vn -0.7814 -0.4124 0.4684
vn 0.3832 -0.2779 0.8809
vn 0.0264 -0.2734 0.9616
vn -0.0073 -0.8813 0.4725
vn -0.4026 0.1296 0.9062
vn -0.7495 -0.6192 -0.2341
vn -0.7460 -0.4504 0.4905
vn 0.3436 -0.5974 -0.7246
vn 0.8155 -0.4462 -0.3687
vn 0.5526 -0.7735 -0.3103
vn 0.6230 0.0956 0.7763
vn 0.8719 -0.3889 0.2975
vn 0.0605 0.9391 0.3381
vn -0.1026 0.9330 -0.3450
vn -0.1970 0.9259 -0.3225
vn 0.0369 0.9406 0.3376
vn 0.4176 -0.2289 0.8793
vn 0.1110 -0.9521 -0.2849
vn 0.6008 -0.6215 0.5028
vn 0.3936 -0.8250 0.4055
vn 0.5837 0.1011 0.8057
vn 0.5311 -0.8021 -0.2732
vn 0.6282 -0.6161 0.4751
vn -0.1318 -0.1306 0.9826
vn -0.3044 -0.7781 0.5495
vn -0.5981 -0.5804 0.5526
vn -0.5399 -0.8268 -0.1576
vn -0.1668 0.3004 -0.9391
vn -0.2175 0.3159 -0.9235
vn 0.2418 0.8792 -0.4104
vn 0.4373 0.8516 0.2889
vn 0.4845 0.8302 0.2759
vn 0.4564 0.7900 -0.4093
vn -0.4252 -0.7272 0.5388
vn -0.5739 -0.4975 0.6505
vn -0.7315 -0.6770 -0.0816
vn -0.2846 0.1421 0.9481
vn 0.0053 0.9351 0.3543
vn -0.3255 0.9007 -0.2878
vn -0.0065 0.9329 0.3601
vn -0.8027 -0.4113 0.4318
vn 0.8867 0.3534 0.2980
vn 0.8721 0.0796 -0.4828
vn 0.8660 0.4368 0.2434
vn 0.5148 0.8245 0.2350
vn 0.2010 0.1763 -0.9636
vn 0.5214 0.7381 -0.4282
vn 0.2497 0.8844 -0.3944
vn 0.1039 0.3072 -0.9460
vn -0.5113 0.6642 0.5453
vn -0.8241 -0.1235 -0.5528
vn -0.9881 0.1018 0.1154
vn -0.9390 0.3383 -0.0614
vn -0.7810 -0.1073 -0.6152
vn -0.7989 -0.1650 -0.5784
vn -0.9585 0.2751 -0.0749
vn 0.8949 0.3162 0.3148
vn 0.8337 0.2232 -0.5050
vn 0.8963 0.3445 0.2793
vn 0.3878 0.8259 -0.4092
vn 0.1704 0.2470 -0.9539
vn 0.5149 -0.8185 -0.2549
vn -0.3544 0.3021 -0.8850
vn -0.4088 0.3064 -0.8597
vn 0.8861 -0.3972 -0.2389
vn 0.4956 -0.8344 -0.2412
vn 0.5048 -0.8263 -0.2499
vn 0.8235 -0.4236 0.3773
vn 0.8846 -0.4382 0.1594
vn 0.1920 -0.9138 -0.3579
vn 0.5219 -0.2200 0.8242
vn -0.5590 0.6107 0.5608
vn -0.4668 0.7063 0.5322
vn -0.6145 0.7701 -0.1712
vn -0.7580 0.6258 -0.1838
vn 0.1358 -0.9349 -0.3279
vn -0.3715 0.1121 0.9217
vn -0.3318 0.0433 0.9424
vn -0.7131 -0.6738 -0.1936
vn 0.0688 0.9384 0.3387
vn 0.1082 0.9312 0.3481
vn -0.0740 0.9514 -0.2988
vn 0.7067 0.0904 0.7017
vn -0.2266 -0.1077 0.9680
vn 0.4626 -0.2427 0.8527
vn 0.1585 -0.9363 -0.3133
vn -0.0035 -0.8286 0.5598
vn 0.1673 0.1930 -0.9668
vn 0.4545 0.8549 0.2503
vn 0.7480 0.6359 0.1902
vn 0.6719 0.5787 -0.4622
vn 0.3753 0.8945 0.2429
vn -0.2534 0.3268 -0.9105
vn -0.8227 -0.3244 0.4667
vn -0.4078 0.0832 0.9093
vn -0.9525 0.2984 -0.0599
vn 0.4335 -0.3995 -0.8077
vn -0.3499 0.0914 0.9323
vn -0.6771 -0.7333 -0.0618
vn 0.6030 0.7824 0.1557
vn 0.2108 0.2250 -0.9513
vn 0.5360 0.6657 -0.5192
vn -0.5541 -0.8289 -0.0769
vn 0.1236 0.9294 0.3477
vn -0.7715 -0.6297 -0.0914
vn 0.8324 -0.3874 -0.3963
vn 0.7399 -0.6480 0.1803
vn 0.3442 -0.6528 -0.6749
vn 0.5889 0.0620 0.8058
vn -0.5624 0.5629 0.6057
vn -0.8004 -0.1848 -0.5703
vn -0.5627 0.5625 0.6058
vn 0.4515 -0.4036 -0.7957
vn 0.0490 0.9500 0.3083
vn -0.3080 0.3137 -0.8982
vn -0.2403 -0.1378 0.9609
vn -0.7093 -0.3426 0.6160
vn -0.5619 0.6019 0.5675
vn -0.3591 0.0254 0.9330
vn -0.6287 0.2627 0.7319
vn -0.9473 -0.1530 0.2815
vn -0.8741 -0.3913 -0.2877
vn -0.1182 -0.9890 -0.0891
vn -0.4642 -0.8688 -0.1723
vn 0.4024 0.8831 0.2412
vn 0.8695 0.2610 0.4194
vn 0.3041 -0.8814 -0.3615
vn -0.5484 0.5877 0.5948
vn -0.5625 0.5700 0.5989
vn 0.4403 0.1251 -0.8891
vn 0.4927 -0.2114 0.8441
vn 0.4614 -0.2456 0.8525
vn -0.6726 -0.7011 -0.2369
vn -0.3502 0.0170 0.9365
vn -0.3976 0.0335 0.9170
vn -0.3507 0.8471 0.3993
vn -0.0185 0.9303 0.3663
vn -0.5517 0.2562 -0.7937
vn 0.1661 -0.9307 -0.3260
vn 0.4133 0.8685 0.2737
vn -0.7487 -0.6284 -0.2112
vn 0.2920 0.9287 0.2287
vn 0.6591 -0.1316 0.7405
vn -0.5301 0.6143 0.5845
vn 0.8371 -0.3629 -0.4093
vn 0.9236 0.0461 0.3805
vn -0.7865 0.0077 -0.6175
vn 0.3453 -0.5710 -0.7448
vn -0.6925 -0.6776 -0.2478
vn -0.1392 -0.1611 0.9771
vn 0.4621 -0.2138 0.8607
vn 0.4815 0.8443 0.2352
vn 0.3996 -0.4980 -0.7696
# 501 vertex normals

vt 0.1543 0.4920 -0.0338
vt 0.1178 0.5332 -0.0338
vt 0.0858 0.5000 -0.0338
vt 0.1310 0.3289 -0.0338
vt 0.1240 0.2917 -0.0338
vt 0.1482 0.2955 -0.0338
vt 0.0444 0.7558 0.0000
vt 0.0249 0.8019 0.0000
vt 0.0242 0.7466 0.0000
vt 0.1369 0.5873 0.0000
vt 0.1463 0.6165 0.0000
vt 0.1177 0.6104 0.0000
vt 0.1333 0.6711 0.0000
vt 0.1726 0.6603 0.0000
vt 0.1450 0.7071 0.0000
vt 0.0702 0.3265 -0.0338
vt 0.0730 0.3744 -0.0338
vt 0.0459 0.3733 -0.0338
vt 0.1771 0.3601 -0.0338
vt 0.1622 0.3362 -0.0338
vt 0.1870 0.3474 -0.0338
vt 0.0996 0.6388 0.0000
vt 0.0652 0.6809 0.0000
vt 0.0298 0.6703 0.0000
vt 0.1364 0.7020 0.0000
vt 0.1381 0.7129 0.0000
vt 0.0834 0.6776 0.0000
vt 0.0981 0.3923 -0.0338
vt 0.0812 0.3855 -0.0338
vt 0.0900 0.3600 -0.0338
vt 0.1005 0.6491 0.0000
vt 0.1003 0.6597 0.0000
vt 0.0798 0.6778 0.0000
vt 0.1446 0.6387 0.0000
vt 0.1355 0.6635 0.0000
vt 0.1748 0.6523 0.0000
vt 0.1601 0.6603 0.0000
vt 0.0985 0.4694 -0.0338
vt 0.1242 0.4634 -0.0338
vt 0.0961 0.3553 -0.0338
vt 0.1418 0.3853 -0.0338
vt 0.0902 0.7142 0.0000
vt 0.0508 0.6986 0.0000
vt 0.0671 0.6879 0.0000
vt 0.0388 0.6804 0.0000
vt 0.1698 0.7398 0.0000
vt 0.1252 0.3336 -0.0338
vt 0.1423 0.3655 -0.0338
vt 0.1000 0.3418 -0.0338
vt 0.0922 0.6751 0.0000
vt 0.1440 0.4169 -0.0338
vt 0.1191 0.4026 -0.0338
vt 0.1528 0.3914 -0.0338
vt 0.1980 0.4135 -0.0338
vt 0.1898 0.4304 -0.0338
vt 0.1376 0.4208 -0.0338
vt 0.1050 0.4184 -0.0338
vt 0.0981 0.3994 -0.0338
vt 0.1450 0.7509 0.0000
vt 0.1577 0.7370 0.0000
vt 0.1977 0.6525 0.0000
vt 0.1605 0.6310 0.0000
vt 0.2161 0.6258 0.0000
vt 0.1566 0.5881 0.0000
vt 0.1077 0.5370 -0.0338
vt 0.1218 0.3237 -0.0338
vt 0.0452 0.7405 0.0000
vt 0.0219 0.6824 0.0000
vt 0.0516 0.7356 0.0000
vt 0.0812 0.7654 0.0000
vt 0.1736 0.3818 -0.0338
vt 0.1763 0.6025 0.0000
vt 0.0559 0.3795 -0.0338
vt 0.0725 0.3816 -0.0338
vt 0.0404 0.8114 0.0000
vt 0.0456 0.7922 0.0000
vt 0.0487 0.8112 0.0000
vt 0.1162 0.6605 0.0000
vt 0.1269 0.6751 0.0000
vt 0.1815 0.4348 -0.0338
vt 0.1503 0.4209 -0.0338
vt 0.2407 0.3748 -0.0338
vt 0.2152 0.3881 -0.0338
vt 0.2133 0.3547 -0.0338
vt 0.1077 0.7589 0.0000
vt 0.0459 0.7245 0.0000
vt 0.0461 0.7063 0.0000
vt 0.1602 0.3268 -0.0338
vt 0.1452 0.3284 -0.0338
vt 0.0716 0.4977 -0.0338
vt 0.1545 0.3786 -0.0338
vt 0.0505 0.7503 0.0000
vt 0.1865 0.3388 -0.0338
vt 0.0667 0.4551 -0.0338
vt 0.1549 0.5672 0.0000
vt 0.1854 0.5702 0.0000
vt 0.2199 0.6103 0.0000
vt 0.1960 0.6631 0.0000
vt 0.1015 0.4550 -0.0338
vt 0.1264 0.6843 0.0000
vt 0.0924 0.2897 -0.0338
vt 0.1112 0.2756 -0.0338
vt 0.0449 0.3925 -0.0338
vt 0.0441 0.7736 0.0000
vt 0.1529 0.7268 0.0000
vt 0.0498 0.7659 0.0000
vt 0.0224 0.8137 0.0000
vt 0.0446 0.3830 -0.0338
vt 0.0872 0.7836 0.0000
vt 0.1339 0.7723 0.0000
vt 0.0245 0.4090 -0.0338
vt 0.0200 0.3886 -0.0338
vt 0.0368 0.3906 -0.0338
vt 0.1185 0.7917 0.0000
vt 0.1010 0.8011 0.0000
vt 0.0688 0.3017 -0.0338
vt 0.0737 0.2962 -0.0338
vt 0.0445 0.8258 0.0000
vt 0.0495 0.8253 -0.1479
vt 0.0289 0.4193 -0.0338
vt 0.0292 0.4204 -0.0338
vt 0.2272 0.6056 0.0000
vt 0.2271 0.6115 0.0000
vt 0.0682 0.8188 0.0000
vt 0.0710 0.8173 0.0000
vt 0.2270 0.6233 0.0000
vt 0.2269 0.6281 0.0000
vt 0.0204 0.3868 -0.0338
vt 0.0292 0.3580 -0.0338
vt 0.1885 0.7318 0.0000
vt 0.2122 0.6886 0.0000
vt 0.0513 0.4710 -0.0338
vt 0.0560 0.4813 -0.0338
vt 0.0678 0.5033 -0.0338
vt 0.0891 0.5338 0.0338
vt 0.2273 0.5973 0.0000
vt 0.2276 0.5785 0.1479
vt 0.0648 0.8208 0.0000
vt 0.0822 0.2882 -0.0338
vt 0.0488 0.3258 -0.0338
vt 0.0309 0.3533 -0.0338
vt 0.1216 0.7904 0.0000
vt 0.1257 0.2534 -0.0338
vt 0.1304 0.2504 0.0338
vt 0.0627 0.4947 -0.0338
vt 0.0611 0.4915 -0.0338
vt 0.0773 0.8141 0.0000
vt 0.0396 0.4451 -0.0338
vt 0.0326 0.4300 -0.0338
vt 0.2238 0.6608 0.0000
vt 0.2173 0.6781 0.0000
vt 0.0282 0.4171 -0.0338
vt 0.1790 0.7466 0.0000
vt 0.1761 0.7500 0.0000
vt 0.1671 0.7586 0.0000
vt 0.0529 0.3203 -0.0338
vt 0.0453 0.4579 -0.0338
vt 0.0658 0.5001 -0.0338
vt 0.1252 0.7891 0.0000
vt 0.2256 0.6527 0.0000
vt 0.2257 0.6487 0.0000
vt 0.2263 0.6401 0.0000
vt 0.0342 0.8260 0.0000
vt 0.0298 0.8260 0.0000
vt 0.0896 0.2813 -0.0338
vt 0.1628 0.7627 0.0000
vt 0.0627 0.4950 -0.0338
vt 0.0523 0.8248 0.0000
vt 0.0619 0.3093 -0.0338
vt 0.1440 0.7772 0.0000
vt 0.1370 0.7815 0.0000
vt 0.0202 0.3877 -0.0338
vt 0.0987 0.2733 -0.0338
vt 0.1085 0.2648 -0.0338
vt 0.1102 0.2635 -0.0338
vt 0.0106 0.8273 0.0000
vt 0.5001 0.4421 0.0284
vt 0.4963 0.4410 0.0284
vt 0.4949 0.4396 0.0284
vt 0.4873 0.4309 0.0284
vt 0.4863 0.4280 0.0284
vt 0.4855 0.4259 0.0284
vt 0.4843 0.4204 0.0284
vt 0.4778 0.3972 0.0284
vt 0.4717 0.3811 0.0284
vt 0.4703 0.3777 0.0284
vt 0.4683 0.3735 0.0284
vt 0.4655 0.3616 0.0284
vt 0.4635 0.3555 0.0284
vt 0.4564 0.3351 0.0284
vt 0.4552 0.3315 0.0284
vt 0.4524 0.3222 -0.0284
vt 0.4534 0.3209 0.0284
vt 0.4636 0.3103 0.0284
vt 0.4936 0.2756 0.0284
vt 0.4989 0.2683 0.0284
vt 0.5083 0.2551 0.0284
vt 0.5128 0.2512 0.0284
vt 0.5137 0.2504 0.0284
vt 0.5202 0.2507 0.0284
vt 0.5312 0.2517 0.0284
vt 0.5354 0.2521 0.0284
vt 0.5467 0.2537 0.0284
vt 0.5523 0.2549 0.0284
vt 0.5602 0.2567 0.0284
vt 0.5782 0.2614 0.0284
vt 0.5829 0.2629 0.0284
vt 0.5983 0.2678 0.0284
vt 0.6010 0.2691 0.0284
vt 0.6075 0.2783 0.0284
vt 0.6135 0.2870 0.0284
vt 0.6191 0.2939 0.0284
vt 0.6262 0.3014 0.0284
vt 0.6309 0.3061 0.0284
vt 0.6379 0.3120 0.0284
vt 0.6469 0.3204 0.0284
vt 0.6512 0.3250 0.0284
vt 0.6673 0.3493 0.0284
vt 0.6675 0.3538 0.0284
vt 0.6633 0.3774 0.0284
vt 0.6631 0.3784 -0.0284
vt 0.6628 0.3793 0.0284
vt 0.6547 0.3926 0.0284
vt 0.6492 0.3972 0.0284
vt 0.6471 0.3984 0.0284
vt 0.6459 0.3992 0.0284
vt 0.6367 0.4039 0.0284
vt 0.6220 0.4095 0.0284
vt 0.6100 0.4150 0.0284
vt 0.5977 0.4207 0.0284
vt 0.5881 0.4257 0.0284
vt 0.5783 0.4305 0.0284
vt 0.5754 0.4322 0.0284
vt 0.5753 0.4325 0.0284
vt 0.5697 0.4328 0.0284
vt 0.5661 0.4330 0.0284
vt 0.5309 0.4370 0.0284
vt 0.5134 0.4404 0.0284
vt 0.5093 0.4409 0.0284
vt 0.2718 0.0799 0.0058
vt 0.2851 0.0926 0.0058
vt 0.2609 0.0985 0.0058
vt 0.2367 0.1053 0.0058
vt 0.2571 0.0375 0.0058
vt 0.2698 0.0581 0.0058
vt 0.2661 0.0372 0.0058
vt 0.2602 0.0289 0.0058
vt 0.2555 0.0298 0.0058
vt 0.2197 0.0383 0.0058
vt 0.2108 0.0431 0.0058
vt 0.2107 0.0404 0.0058
vt 0.2090 0.0408 0.0058
vt 0.2008 0.0428 0.0058
vt 0.2014 0.0630 0.0058
vt 0.1882 0.0459 0.0058
vt 0.1811 0.0476 0.0058
vt 0.1543 0.0821 0.0058
vt 0.1457 0.0581 0.0058
vt 0.1433 0.0592 0.0058
vt 0.1469 0.0754 0.0058
vt 0.1397 0.0608 0.0058
vt 0.1388 0.0612 0.0058
vt 0.1403 0.1030 0.0058
vt 0.1346 0.0634 0.0058
vt 0.1105 0.0761 0.0058
vt 0.1338 0.1125 0.0058
vt 0.1083 0.0773 0.0058
vt 0.1052 0.0794 0.0058
vt 0.1182 0.1190 0.0058
vt 0.1000 0.0830 0.0058
vt 0.0974 0.1154 0.0058
vt 0.0719 0.1043 0.0058
vt 0.0745 0.1313 0.0058
vt 0.0624 0.1148 0.0058
vt 0.0597 0.1178 0.0058
vt 0.0695 0.1371 0.0058
vt 0.0574 0.1206 0.0058
vt 0.0504 0.1297 0.0058
vt 0.0445 0.1397 0.0058
vt 0.0442 0.1395 0.0058
vt 0.0398 0.1490 0.0058
vt 0.0561 0.1691 0.0058
vt 0.0381 0.1533 0.0058
vt 0.0361 0.1581 0.0058
vt 0.0563 0.1819 0.0058
vt 0.0261 0.1860 0.0058
vt 0.0200 0.2042 0.0058
vt 0.0226 0.2059 0.0681
vt 0.2880 0.5134 0.0000
vt 0.2844 0.5147 -0.0421
vt 0.2842 0.5115 0.0000
vt 0.3117 0.4875 0.0000
vt 0.3059 0.5072 0.0000
vt 0.3173 0.5032 0.0000
vt 0.3256 0.5002 0.0000
vt 0.3189 0.4847 0.0000
vt 0.3292 0.4982 0.0000
vt 0.3357 0.4946 0.0000
vt 0.3565 0.4816 0.0000
vt 0.3526 0.4698 0.0000
vt 0.3623 0.4778 0.0000
vt 0.3763 0.4676 0.0000
vt 0.3650 0.4387 0.0000
vt 0.3892 0.4571 0.0000
vt 0.3973 0.4493 0.0000
vt 0.3960 0.4380 0.0000
vt 0.4009 0.4454 0.0000
vt 0.4042 0.4413 0.0000
vt 0.4112 0.4324 0.0000
vt 0.3948 0.4218 0.0000
vt 0.4173 0.4236 0.0000
vt 0.4047 0.4000 0.0000
vt 0.4223 0.4160 0.0000
vt 0.4244 0.4111 0.0000
vt 0.4046 0.3796 0.0000
vt 0.4262 0.4044 0.0000
vt 0.4338 0.3753 0.0000
vt 0.4099 0.3646 0.0000
vt 0.4347 0.3687 0.0000
vt 0.4354 0.3631 0.0000
vt 0.4377 0.3408 0.0000
vt 0.4114 0.3243 0.0000
vt 0.4369 0.3182 0.0000
vt 0.4078 0.3090 0.0000
vt 0.4368 0.3136 0.0000
vt 0.4362 0.3019 0.0000
vt 0.4267 0.2911 0.0000
vt 0.4355 0.2894 0.0421
vt 0.3045 0.0216 0.0058
vt 0.3151 0.0200 0.0058
vt 0.3178 0.0288 0.0058
vt 0.2982 0.0432 0.0058
vt 0.2865 0.0244 0.0058
vt 0.2688 0.0274 0.0058
vt 0.2631 0.0285 0.0058
vt 0.3184 0.0644 0.0058
vt 0.3009 0.0670 0.0058
vt 0.2803 0.0807 0.0058
vt 0.2970 0.0800 0.0058
vt 0.2976 0.1224 -0.0681
vt 0.3067 0.0782 0.0058
vt 0.3332 0.2996 0.0000
vt 0.3332 0.2833 0.0000
vt 0.3777 0.2812 0.0000
vt 0.3970 0.3068 0.0000
vt 0.3542 0.3333 0.0000
vt 0.3348 0.3456 0.0000
vt 0.2782 0.3447 0.0000
vt 0.2967 0.3556 0.0000
vt 0.3258 0.3752 0.0000
vt 0.3051 0.3862 0.0000
vt 0.2670 0.3546 0.0000
vt 0.2671 0.3694 0.0000
vt 0.2620 0.3376 0.0000
vt 0.2632 0.3297 0.0000
vt 0.3190 0.2927 0.0000
vt 0.2718 0.2978 0.0000
vt 0.3008 0.2785 0.0000
vt 0.3339 0.2504 0.0000
vt 0.3134 0.2541 0.0000
vt 0.2952 0.2543 0.0000
vt 0.2458 0.1120 0.0058
vt 0.2312 0.1219 0.0058
vt 0.2071 0.1058 0.0058
vt 0.2169 0.1655 0.0058
vt 0.2660 0.2908 0.0000
vt 0.2814 0.2806 0.0000
vt 0.2565 0.3162 0.0000
vt 0.2033 0.1892 0.0058
vt 0.1938 0.1464 0.0058
vt 0.1685 0.1448 0.0058
vt 0.1654 0.1809 0.0058
vt 0.1506 0.1381 0.0058
vt 0.1677 0.1305 0.0058
vt 0.1587 0.1161 0.0058
vt 0.1656 0.1146 0.0058
vt 0.1753 0.1303 0.0058
vt 0.1854 0.1098 0.0058
vt 0.1808 0.0921 0.0058
vt 0.1678 0.0867 0.0058
vt 0.1473 0.0932 0.0058
vt 0.1404 0.1111 0.0058
vt 0.1260 0.1234 0.0058
vt 0.1310 0.1565 0.0058
vt 0.1059 0.1355 0.0058
vt 0.1014 0.1408 0.0058
vt 0.0880 0.1570 0.0058
vt 0.0546 0.1414 0.0058
vt 0.0661 0.1827 0.0058
vt 0.1045 0.1756 0.0058
vt 0.0619 0.1881 0.0058
vt 0.0581 0.2312 0.0058
vt 0.0677 0.2357 0.0058
vt 0.2843 0.4674 0.0000
vt 0.2853 0.4569 0.0000
vt 0.2915 0.4651 0.0000
vt 0.2915 0.4156 0.0000
vt 0.2764 0.4002 0.0000
vt 0.2735 0.3876 0.0000
vt 0.1431 0.2304 0.0058
vt 0.1308 0.2336 0.0058
vt 0.1474 0.2249 0.0058
vt 0.1594 0.2212 0.0058
vt 0.1550 0.2002 0.0058
vt 0.1345 0.1639 0.0058
vt 0.1541 0.1733 0.0058
vt 0.1900 0.2072 0.0058
vt 0.1967 0.1947 0.0058
vt 0.1427 0.1652 0.0058
vt 0.3142 0.4066 0.0000
vt 0.3436 0.3969 0.0000
vt 0.3340 0.4037 0.0000
vt 0.3119 0.4129 0.0000
vt 0.3680 0.3976 0.0000
vt 0.3952 0.3994 0.0000
vt 0.3755 0.3798 0.0000
vt 0.4024 0.3597 0.0000
vt 0.3619 0.3557 0.0000
vt 0.4052 0.3362 0.0000
vt 0.3462 0.3911 0.0000
vt 0.2554 0.3250 0.0000
vt 0.3922 0.2902 0.0000
vt 0.7286 0.1851 0.0361
vt 0.7276 0.1874 0.0361
vt 0.7244 0.1892 0.0361
vt 0.7235 0.1896 0.0361
vt 0.7192 0.1918 0.0361
vt 0.6943 0.1989 0.0361
vt 0.6916 0.2004 0.0361
vt 0.6881 0.2019 0.0361
vt 0.6826 0.2046 0.0361
vt 0.6540 0.2199 0.0361
vt 0.6419 0.2247 0.0361
vt 0.6380 0.2238 0.0361
vt 0.6356 0.2244 0.0361
vt 0.6276 0.2240 0.0361
vt 0.6193 0.2236 0.0361
vt 0.6192 0.2236 -0.0361
vt 0.6152 0.2170 0.0361
vt 0.6132 0.2144 0.0361
vt 0.6112 0.2112 0.0361
vt 0.6012 0.1927 0.0361
vt 0.5945 0.1807 0.0361
vt 0.5910 0.1755 0.0361
vt 0.5827 0.1642 0.0361
vt 0.5599 0.1356 0.0361
vt 0.5551 0.1287 0.0361
vt 0.5557 0.1249 0.0361
vt 0.5571 0.1180 0.0361
vt 0.5633 0.0958 0.0361
vt 0.5650 0.0896 0.0361
vt 0.5702 0.0746 0.0361
vt 0.5751 0.0603 0.0361
vt 0.5790 0.0508 0.0361
vt 0.5817 0.0463 0.0361
vt 0.5849 0.0428 0.0361
vt 0.5911 0.0350 0.0361
vt 0.5967 0.0275 0.0361
vt 0.6016 0.0210 0.0361
vt 0.6063 0.0216 0.0361
vt 0.6130 0.0200 0.0361
vt 0.6407 0.0248 0.0361
vt 0.6471 0.0254 0.0361
vt 0.6525 0.0260 0.0361
vt 0.6732 0.0273 0.0361
vt 0.6938 0.0271 -0.0361
vt 0.6976 0.0292 0.0361
vt 0.7067 0.0353 0.0361
vt 0.7161 0.0421 0.0361
vt 0.7235 0.0486 0.0361
vt 0.7359 0.0594 0.0361
vt 0.7475 0.0709 0.0361
vt 0.7512 0.0748 0.0361
vt 0.7528 0.0770 0.0361
vt 0.7537 0.0812 0.0361
vt 0.7431 0.1139 0.0361
vt 0.7405 0.1222 0.0361
vt 0.7397 0.1247 0.0361
vt 0.7375 0.1324 0.0361
vt 0.7343 0.1442 0.0361
vt 0.7331 0.1510 0.0361
vt 0.3567 0.2613 0.0000
vt 0.5253 0.8473 0.0620
vt 0.5225 0.8487 0.0620
vt 0.5263 0.8317 0.0620
vt 0.5284 0.8321 0.0620
vt 0.2703 0.7430 -0.0110
vt 0.2711 0.7423 -0.0110
vt 0.2775 0.7609 -0.0110
vt 0.2678 0.7613 -0.0110
vt 0.5412 0.7385 0.0620
vt 0.5402 0.7451 0.0620
vt 0.5322 0.7344 0.0620
vt 0.3029 0.8711 -0.0110
vt 0.2760 0.8794 -0.0110
vt 0.2835 0.8230 -0.0110
vt 0.3076 0.8422 -0.0110
vt 0.4638 0.8851 0.0620
vt 0.4686 0.8623 0.0620
vt 0.4944 0.8758 0.0620
vt 0.3100 0.7365 -0.0110
vt 0.2880 0.7373 -0.0110
vt 0.2606 0.8171 -0.0110
vt 0.2613 0.8128 -0.0110
vt 0.2749 0.8172 -0.0110
vt 0.3198 0.7467 -0.0110
vt 0.3165 0.7787 -0.0110
vt 0.2976 0.7854 -0.0110
vt 0.4701 0.8560 0.0620
vt 0.4902 0.8549 0.0620
vt 0.5234 0.8567 0.0620
vt 0.5232 0.8579 0.0620
vt 0.5196 0.8571 0.0620
vt 0.2969 0.5559 -0.0110
vt 0.3312 0.5384 -0.0110
vt 0.3277 0.5693 -0.0110
vt 0.2963 0.5616 -0.0110
vt 0.4571 0.9162 0.0620
vt 0.4596 0.9047 0.0620
vt 0.4926 0.9123 0.0620
vt 0.4662 0.9264 0.0620
vt 0.5093 0.9209 0.0620
vt 0.5062 0.9317 0.0620
vt 0.5025 0.9309 0.0620
vt 0.3126 0.8100 -0.0110
vt 0.2846 0.8139 -0.0110
vt 0.2886 0.7886 -0.0110
vt 0.3140 0.7991 -0.0110
vt 0.4977 0.6819 0.0620
vt 0.5000 0.6711 0.0620
vt 0.5072 0.6859 0.0620
vt 0.4917 0.7273 0.0620
vt 0.4944 0.7067 0.0620
vt 0.5181 0.7260 0.0620
vt 0.2673 0.8117 -0.0110
vt 0.2707 0.7942 -0.0110
vt 0.2642 0.7951 -0.0110
vt 0.2645 0.7928 -0.0110
vt 0.2950 0.5728 -0.0110
vt 0.3256 0.5858 -0.0110
vt 0.2944 0.5770 -0.0110
vt 0.2994 0.6968 -0.0110
vt 0.5288 0.8303 0.0620
vt 0.5191 0.7996 0.0620
vt 0.5320 0.8067 0.0620
vt 0.5450 0.7087 0.0620
vt 0.5437 0.7193 0.0620
vt 0.5280 0.7100 0.0620
vt 0.5387 0.6925 0.0620
vt 0.4969 0.6862 0.0620
vt 0.3315 0.6634 -0.0110
vt 0.3256 0.6969 -0.0110
vt 0.3077 0.6934 -0.0110
vt 0.3287 0.6576 -0.0110
vt 0.2794 0.6714 -0.0110
vt 0.2872 0.6263 -0.0110
vt 0.3096 0.6438 -0.0110
vt 0.4821 0.7960 0.0620
vt 0.4929 0.7830 0.0620
vt 0.4807 0.8059 0.0620
vt 0.5092 0.7359 0.0620
vt 0.4910 0.7327 0.0620
vt 0.5123 0.9104 0.0620
vt 0.3444 0.5803 -0.0110
vt 0.3437 0.5856 -0.0110
vt 0.5088 0.8587 0.0620
vt 0.5189 0.8841 0.0620
vt 0.5159 0.8971 0.0620
vt 0.4920 0.8834 0.0620
vt 0.5066 0.8665 0.0620
vt 0.2554 0.8507 0.0855
vt 0.2583 0.8317 -0.0110
vt 0.2912 0.6016 -0.0110
vt 0.2923 0.5956 -0.0110
vt 0.2972 0.5936 -0.0110
vt 0.3334 0.5913 -0.0110
vt 0.5030 0.9444 0.0620
vt 0.4957 0.9800 -0.0339
vt 0.4760 0.9499 0.0620
vt 0.3204 0.7406 -0.0110
vt 0.3211 0.7344 -0.0110
vt 0.3242 0.7088 -0.0110
vt 0.2977 0.5479 -0.0110
vt 0.2995 0.5294 -0.0855
vt 0.3089 0.5320 -0.0110
vt 0.5238 0.8543 0.0620
vt 0.2638 0.7984 -0.0110
vt 0.3092 0.8325 -0.0110
vt 0.3084 0.8371 -0.0110
vt 0.2930 0.8194 -0.0110
vt 0.5426 0.7282 0.0620
vt 0.5362 0.7727 0.0620
vt 0.5325 0.8022 0.0620
vt 0.5115 0.7852 0.0620
vt 0.5389 0.7542 0.0620
vt 0.5025 0.6598 -0.0620
vt 0.5208 0.6613 0.0620
vt 0.3229 0.7028 -0.0110
vt 0.3247 0.7040 -0.0110
vt 0.2843 0.6868 -0.0110
vt 0.4802 0.8105 0.0620
vt 0.3208 0.7369 -0.0110
vt 0.2704 0.7421 -0.0110
vt 0.4852 0.7738 0.0620
vt 0.4861 0.7670 0.0620
vt 0.4941 0.7740 0.0620
vt 0.3151 0.7918 -0.0110
vt 0.5512 0.6747 0.0620
vt 0.5501 0.6795 0.0620
vt 0.5422 0.6707 0.0620
vt 0.2650 0.7868 -0.0110
vt 0.5052 0.9350 0.0620
vt 0.4813 0.8926 0.0620
vt 0.4627 0.8923 0.0620
vt 0.5214 0.8682 0.0620
vt 0.3376 0.6266 -0.0110
vt 0.3362 0.6353 -0.0110
vt 0.2886 0.6175 -0.0110
vt 0.4835 0.7867 0.0620
vt 0.3483 0.5475 -0.0110
vt 0.3494 0.5378 -0.0110
vt 0.3465 0.5639 -0.0110
vt 0.3145 0.7956 -0.0110
vt 0.2814 0.7830 -0.0110
vt 0.2768 0.6858 -0.0110
vt 0.2754 0.6972 -0.0110
vt 0.2765 0.6875 -0.0110
vt 0.2916 0.6918 -0.0110
vt 0.3253 0.6994 -0.0110
vt 0.3111 0.8218 -0.0110
vt 0.3111 0.8215 -0.0110
vt 0.5371 0.7665 0.0620
vt 0.5286 0.8312 0.0620
vt 0.4620 0.8963 0.0620
vt 0.3346 0.6447 -0.0110
vt 0.3359 0.6369 -0.0110
vt 0.4845 0.7786 0.0620
vt 0.2998 0.8899 -0.0110
vt 0.5038 0.9408 0.0620
vt 0.2727 0.7225 -0.0110
vt 0.2750 0.7010 -0.0110
vt 0.2706 0.7409 -0.0110
vt 0.2926 0.5944 -0.0110
vt 0.2933 0.5880 -0.0110
vt 0.3432 0.5883 -0.0110
vt 0.2590 0.8272 -0.0110
vt 0.4902 0.7391 0.0620
vt 0.3249 0.7030 -0.0110
vt 0.5464 0.6954 0.0620
vt 0.5050 0.9352 0.0620
vt 0.3326 0.6566 -0.0110
vt 0.4878 0.8257 0.0620
vt 0.4735 0.8403 0.0620
vt 0.3425 0.5926 -0.0110
vt 0.4770 0.8254 0.0620
vt 0.2720 0.7288 -0.0110
vt 0.2617 0.8107 -0.0110
vt 0.4532 0.9345 0.0620
vt 0.4524 0.9381 0.0620
vt 0.5462 0.6973 0.0620
vt 0.4793 0.8153 0.0620
vt 0.5563 0.4581 0.6978
vt 0.5619 0.4578 0.6978
vt 0.5620 0.4581 0.6978
vt 0.5652 0.4593 0.6978
vt 0.5754 0.4630 0.6978
vt 0.5854 0.4667 0.6978
vt 0.5982 0.4710 0.6978
vt 0.6106 0.4751 0.6978
vt 0.6257 0.4791 0.6978
vt 0.6352 0.4827 0.6978
vt 0.6366 0.4832 0.6978
vt 0.6388 0.4842 0.6978
vt 0.6447 0.4883 0.6978
vt 0.6540 0.5008 0.6978
vt 0.6549 0.5016 -0.6978
vt 0.6557 0.5025 0.6978
vt 0.6619 0.5254 0.6978
vt 0.6622 0.5299 0.6978
vt 0.6484 0.5554 0.6978
vt 0.6447 0.5603 0.6978
vt 0.6367 0.5696 0.6978
vt 0.6304 0.5761 0.6978
vt 0.6263 0.5812 0.6978
vt 0.6201 0.5894 0.6978
vt 0.6153 0.5968 0.6978
vt 0.6103 0.6060 0.6978
vt 0.6048 0.6158 0.6978
vt 0.6027 0.6186 0.6978
vt 0.5880 0.6252 0.6978
vt 0.5835 0.6271 0.6978
vt 0.5662 0.6337 0.6978
vt 0.5586 0.6364 0.6978
vt 0.5532 0.6381 0.6978
vt 0.5422 0.6409 0.6978
vt 0.5381 0.6419 0.6978
vt 0.5273 0.6441 0.6978
vt 0.5209 0.6450 0.6978
vt 0.5199 0.6444 0.6978
vt 0.5150 0.6409 0.6978
vt 0.5043 0.6290 0.6978
vt 0.4983 0.6223 0.6978
vt 0.4648 0.5913 0.6978
vt 0.4535 0.5819 0.6978
vt 0.4524 0.5806 -0.6978
vt 0.4541 0.5712 0.6978
vt 0.4549 0.5675 0.6978
vt 0.4598 0.5465 0.6978
vt 0.4611 0.5403 0.6978
vt 0.4625 0.5282 0.6978
vt 0.4620 0.5264 0.6978
vt 0.4613 0.5248 0.6978
vt 0.4659 0.5071 0.6978
vt 0.4701 0.4816 0.6978
vt 0.4708 0.4757 0.6978
vt 0.4714 0.4733 0.6978
vt 0.4721 0.4701 0.6978
vt 0.4791 0.4600 0.6978
vt 0.4804 0.4584 0.6978
vt 0.4844 0.4568 0.6978
vt 0.4942 0.4569 0.6978
vt 0.4986 0.4570 0.6978
vt 0.5176 0.4585 0.6978
vt 0.5527 0.4584 0.6978
vt 0.3339 0.1180 0.0410
vt 0.3332 0.1144 0.0410
vt 0.3343 0.1121 0.0410
vt 0.3568 0.0864 0.0410
vt 0.3611 0.0810 0.0410
vt 0.3679 0.0710 0.0410
vt 0.3722 0.0643 0.0410
vt 0.3728 0.0623 0.0410
vt 0.3774 0.0548 0.0410
vt 0.3951 0.0252 0.0410
vt 0.3989 0.0231 0.0410
vt 0.4016 0.0228 0.0410
vt 0.4070 0.0230 0.0410
vt 0.4234 0.0242 0.0410
vt 0.4398 0.0264 0.0410
vt 0.4495 0.0277 0.0410
vt 0.4607 0.0304 0.0410
vt 0.4712 0.0332 0.0410
vt 0.4753 0.0347 -0.0410
vt 0.4887 0.0503 0.0410
vt 0.5032 0.0649 0.0410
vt 0.5072 0.0685 0.0410
vt 0.5119 0.0729 0.0410
vt 0.5336 0.0903 0.0410
vt 0.5368 0.0964 0.0410
vt 0.5404 0.0995 0.0410
vt 0.5388 0.1074 0.0410
vt 0.5368 0.1166 0.0410
vt 0.5351 0.1264 0.0410
vt 0.5346 0.1311 0.0410
vt 0.5331 0.1356 0.0410
vt 0.5286 0.1448 0.0410
vt 0.5211 0.1579 0.0410
vt 0.5134 0.1718 0.0410
vt 0.5099 0.1772 0.0410
vt 0.4974 0.1965 0.0410
vt 0.4932 0.2021 0.0410
vt 0.4907 0.2051 0.0410
vt 0.4823 0.2060 0.0410
vt 0.4708 0.2078 0.0410
vt 0.4527 0.2094 0.0410
vt 0.4491 0.2107 0.0410
vt 0.4307 0.2147 0.0410
vt 0.4026 0.2212 0.0410
vt 0.3975 0.2222 0.0410
vt 0.3930 0.2225 0.0410
vt 0.3827 0.2244 -0.0410
vt 0.3825 0.2243 0.0410
vt 0.3745 0.2160 0.0410
vt 0.3668 0.2083 0.0410
vt 0.3652 0.2052 0.0410
vt 0.3620 0.2029 0.0410
vt 0.3577 0.1906 0.0410
vt 0.3504 0.1593 0.0410
vt 0.3488 0.1534 0.0410
vt 0.3476 0.1498 0.0410
vt 0.3465 0.1469 0.0410
vt 0.3354 0.1236 0.0410
vt 0.3343 0.1189 0.0410
# 783 texture coords

o Stone2
g Stone2
usemtl wire_153228214
s off
f 501/784/502 502/785/503 503/786/504 
f 504/787/505 505/788/506 506/789/507 
f 507/790/508 502/791/503 501/792/502 
f 508/793/509 509/794/510 510/795/511 
f 511/796/512 512/797/513 513/798/514 
f 514/799/515 515/800/516 516/801/517 
f 517/802/518 518/803/519 519/804/520 
f 520/805/521 521/806/522 522/807/523 
f 523/808/524 524/809/525 525/810/526 
f 526/811/527 527/812/528 528/813/529 
f 529/814/530 530/815/531 531/816/532 
f 520/805/521 532/817/533 533/818/534 
f 532/817/533 534/819/535 535/820/536 
f 536/821/537 537/822/538 503/786/504 
f 526/811/527 538/823/539 539/824/540 
f 525/810/526 540/825/541 541/826/542 
f 521/806/522 542/827/543 543/828/544 
f 513/798/514 512/797/513 544/829/545 
f 538/823/539 545/830/546 546/831/547 
f 528/813/529 514/799/515 547/832/548 
f 511/796/512 513/798/514 523/808/524 
f 531/816/532 530/815/531 548/833/549 
f 549/834/550 550/835/551 539/824/540 
f 551/836/552 552/837/553 522/838/523 
f 553/839/554 554/840/555 555/841/556 
f 525/810/526 524/809/525 540/825/541 
f 544/829/545 556/842/557 557/843/558 
f 558/844/559 559/845/560 560/846/561 
f 508/793/509 561/847/562 509/794/510 
f 562/848/563 503/786/504 502/785/503 
f 538/823/539 547/832/548 545/830/546 
f 504/787/505 563/849/564 505/788/506 
f 564/850/565 507/790/508 565/851/566 
f 566/852/567 540/825/541 567/853/568 
f 558/844/559 534/819/535 559/845/560 
f 522/807/523 521/806/522 543/828/544 
f 565/851/566 507/790/508 501/792/502 
f 568/854/569 517/802/518 519/804/520 
f 510/795/511 532/817/533 520/805/521 
f 569/855/570 560/846/561 559/845/560 
f 570/856/571 515/800/516 571/857/572 
f 572/858/573 573/859/574 574/860/575 
f 553/839/554 555/841/556 550/835/551 
f 555/841/556 527/812/528 526/811/527 
f 545/830/546 547/832/548 563/849/564 
f 520/805/521 533/818/534 575/861/576 
f 530/815/531 576/862/577 548/833/549 
f 565/863/566 501/784/502 577/864/578 
f 553/839/554 501/784/502 554/840/555 
f 552/837/553 520/865/521 522/838/523 
f 578/866/579 510/867/511 520/865/521 
f 556/842/557 579/868/580 524/809/525 
f 541/826/542 540/825/541 580/869/581 
f 543/828/544 542/827/543 581/870/582 
f 582/871/583 583/872/584 506/789/507 
f 546/831/547 545/830/546 518/803/519 
f 584/873/585 503/786/504 562/848/563 
f 585/874/586 546/831/547 518/803/519 
f 551/836/552 549/834/550 539/824/540 
f 566/852/567 567/853/568 586/875/587 
f 519/804/520 518/803/519 508/876/509 
f 518/803/519 583/872/584 582/871/583 
f 554/840/555 587/877/588 555/841/556 
f 582/878/583 506/879/507 561/847/562 
f 506/879/507 588/880/589 569/855/570 
f 544/829/545 512/797/513 589/881/590 
f 589/881/590 534/819/535 558/844/559 
f 590/882/591 536/821/537 587/877/588 
f 537/822/538 536/821/537 590/882/591 
f 522/838/523 577/864/578 551/836/552 
f 522/838/523 565/863/566 577/864/578 
f 548/833/549 576/862/577 591/883/592 
f 548/833/549 591/883/592 525/810/526 
f 521/806/522 531/816/532 542/827/543 
f 529/814/530 531/816/532 521/806/522 
f 535/820/536 512/797/513 511/796/512 
f 575/861/576 533/818/534 511/796/512 
f 592/884/593 563/849/564 547/832/548 
f 593/885/594 563/849/564 592/884/593 
f 570/856/571 571/857/572 594/886/595 
f 550/835/551 555/841/556 526/811/527 
f 539/824/540 550/835/551 526/811/527 
f 572/858/573 502/791/503 573/859/574 
f 507/790/508 595/887/596 502/791/503 
f 565/851/566 580/869/581 564/850/565 
f 580/869/581 540/825/541 566/852/567 
f 513/798/514 544/829/545 596/888/597 
f 523/808/524 513/798/514 524/809/525 
f 510/795/511 509/794/510 532/817/533 
f 509/794/510 569/855/570 559/845/560 
f 524/809/525 579/868/580 540/825/541 
f 540/825/541 579/868/580 567/853/568 
f 586/875/587 567/853/568 597/889/598 
f 597/889/598 595/887/596 507/790/508 
f 551/836/552 568/854/569 552/837/553 
f 568/854/569 519/804/520 578/866/579 
f 551/836/552 539/824/540 585/874/586 
f 551/836/552 585/874/586 568/854/569 
f 560/846/561 569/855/570 588/880/589 
f 549/834/550 553/839/554 550/835/551 
f 577/864/578 501/784/502 553/839/554 
f 528/813/529 527/812/528 515/800/516 
f 528/813/529 515/800/516 514/799/515 
f 562/890/563 502/791/503 572/858/573 
f 598/891/599 570/856/571 594/886/595 
f 516/801/517 515/800/516 570/856/571 
f 531/816/532 548/833/549 525/810/526 
f 531/816/532 525/810/526 541/826/542 
f 593/885/594 505/788/506 563/849/564 
f 554/840/555 537/822/538 590/882/591 
f 554/840/555 590/882/591 587/877/588 
f 530/815/531 575/861/576 576/862/577 
f 529/814/530 575/861/576 530/815/531 
f 522/807/523 543/828/544 565/851/566 
f 543/828/544 580/869/581 565/851/566 
f 591/883/592 511/796/512 523/808/524 
f 591/883/592 523/808/524 525/810/526 
f 520/805/521 529/814/530 521/806/522 
f 529/814/530 520/805/521 575/861/576 
f 541/826/542 580/869/581 581/870/582 
f 543/828/544 581/870/582 580/869/581 
f 509/794/510 559/845/560 532/817/533 
f 532/817/533 559/845/560 534/819/535 
f 545/830/546 563/849/564 504/787/505 
f 518/803/519 545/830/546 583/872/584 
f 556/842/557 524/809/525 596/888/597 
f 513/798/514 596/888/597 524/809/525 
f 539/824/540 546/831/547 585/874/586 
f 539/824/540 538/823/539 546/831/547 
f 501/784/502 537/822/538 554/840/555 
f 501/784/502 503/786/504 537/822/538 
f 564/850/565 586/875/587 507/790/508 
f 586/875/587 597/889/598 507/790/508 
f 567/853/568 599/892/600 597/889/598 
f 599/892/600 567/853/568 579/868/580 
f 542/827/543 541/826/542 581/870/582 
f 531/816/532 541/826/542 542/827/543 
f 519/804/520 510/867/511 578/866/579 
f 519/804/520 508/876/509 510/867/511 
f 594/886/595 571/857/572 527/812/528 
f 527/812/528 571/857/572 515/800/516 
f 573/859/574 595/887/596 597/889/598 
f 502/791/503 595/887/596 573/859/574 
f 532/817/533 535/820/536 533/818/534 
f 533/818/534 535/820/536 511/796/512 
f 577/864/578 553/839/554 549/834/550 
f 551/836/552 577/864/578 549/834/550 
f 568/854/569 578/866/579 552/837/553 
f 552/837/553 578/866/579 520/865/521 
f 585/874/586 518/803/519 517/802/518 
f 585/874/586 517/802/518 568/854/569 
f 561/847/562 506/879/507 569/855/570 
f 561/847/562 569/855/570 509/794/510 
f 600/893/601 579/868/580 556/842/557 
f 545/830/546 504/787/505 583/872/584 
f 583/872/584 504/787/505 506/789/507 
f 516/801/517 570/856/571 598/891/599 
f 534/819/535 512/797/513 535/820/536 
f 589/881/590 512/797/513 534/819/535 
f 508/793/509 582/878/583 561/847/562 
f 518/803/519 582/871/583 508/876/509 
f 576/862/577 511/796/512 591/883/592 
f 575/861/576 511/796/512 576/862/577 
f 580/869/581 566/852/567 564/850/565 
f 566/852/567 586/875/587 564/850/565 
f 528/813/529 547/832/548 538/823/539 
f 526/811/527 528/813/529 538/823/539 
f 557/843/558 596/888/597 544/829/545 
f 557/843/558 556/842/557 596/888/597 
f 601/894/602 602/895/603 594/896/604 
f 603/897/605 604/898/606 599/892/600 
f 605/899/607 606/900/608 547/832/548 514/799/515 
f 607/901/609 572/858/573 574/860/575 608/902/610 
f 609/903/611 527/812/528 555/841/556 610/904/612 
f 611/905/613 612/906/614 588/880/589 
f 613/907/615 573/859/574 597/889/598 614/908/616 
f 615/909/617 616/910/618 560/846/561 
f 617/911/619 618/912/620 516/801/517 
f 619/913/621 544/829/545 589/881/590 620/914/622 
f 621/915/623 587/877/588 536/821/537 622/916/624 
f 623/917/625 584/873/585 562/848/563 624/918/626 
f 625/919/627 588/880/589 506/879/507 626/920/628 
f 627/921/629 574/860/575 573/859/574 613/907/615 
f 628/922/630 592/884/593 547/832/548 606/900/608 
f 629/923/631 514/799/515 516/801/517 630/924/632 
f 603/897/605 599/892/600 579/868/580 631/925/633 
f 632/926/634 626/927/628 506/789/507 505/788/506 
f 633/928/635 634/929/636 536/821/537 503/786/504 
f 635/930/637 614/908/616 597/889/598 599/892/600 
f 636/931/638 637/932/639 555/841/556 587/877/588 
f 638/933/640 639/934/641 589/881/590 
f 640/935/642 601/894/602 594/896/604 
f 619/913/621 641/936/643 544/829/545 
f 642/937/644 643/938/645 556/842/557 544/829/545 
f 629/923/631 644/939/646 514/799/515 
f 621/915/623 645/940/647 587/877/588 
f 623/917/625 646/941/648 584/873/585 
f 647/942/649 631/925/633 579/868/580 600/893/601 
f 648/943/650 589/881/590 558/844/559 649/944/651 
f 650/945/652 649/944/651 558/844/559 560/846/561 
f 637/932/639 610/904/612 555/841/556 
f 651/946/653 652/947/654 562/890/563 
f 628/922/630 653/948/655 592/884/593 
f 612/906/614 615/909/617 560/846/561 588/880/589 
f 651/946/653 562/890/563 572/858/573 607/901/609 
f 643/938/645 654/949/656 556/842/557 
f 655/950/657 633/928/635 503/786/504 584/873/585 
f 625/919/627 611/905/613 588/880/589 
f 627/921/629 656/951/658 574/860/575 
f 644/939/646 657/952/659 514/799/515 
f 658/953/660 659/954/661 600/893/601 556/842/557 
f 617/911/619 516/801/517 598/891/599 660/955/662 
f 661/956/663 662/957/664 593/885/594 592/884/593 
f 662/957/664 663/958/665 505/788/506 593/885/594 
f 641/936/643 642/937/644 544/829/545 
f 656/951/658 608/902/610 574/860/575 
f 634/929/636 622/916/624 536/821/537 
f 639/934/641 620/914/622 589/881/590 
f 653/948/655 661/956/663 592/884/593 
f 645/940/647 636/931/638 587/877/588 
f 652/947/654 624/959/626 562/890/563 
f 648/943/650 638/933/640 589/881/590 
f 657/952/659 605/899/607 514/799/515 
f 604/898/606 635/930/637 599/892/600 
f 618/912/620 630/924/632 516/801/517 
f 654/949/656 658/953/660 556/842/557 
f 663/958/665 632/926/634 505/788/506 
f 646/941/648 655/950/657 584/873/585 
f 616/910/618 650/945/652 560/846/561 
f 659/954/661 647/942/649 600/893/601 
f 607/960/609 608/961/610 656/962/658 627/963/629 613/964/615 614/965/616 635/966/637 604/967/606 603/968/605 631/969/633 647/970/649 659/971/661 658/972/660 654/973/656 643/974/645 642/975/644 641/976/643 619/977/621 620/978/622 639/979/641 638/980/640 648/981/650 649/982/651 650/983/652 616/984/618 615/985/617 612/986/614 611/987/613 625/988/627 626/989/628 632/990/634 663/991/665 662/992/664 661/993/663 653/994/655 628/995/630 606/996/608 605/997/607 657/998/659 644/999/646 629/1000/631 630/1001/632 618/1002/620 617/1003/619 660/1004/662 602/1005/603 601/1006/602 640/1007/642 609/1008/611 610/1009/612 637/1010/639 636/1011/638 645/1012/647 621/1013/623 622/1014/624 634/1015/636 633/1016/635 655/1017/657 646/1018/648 623/1019/625 624/1020/626 652/1021/654 651/1022/653 
f 664/1023/666 665/1024/667 666/1025/668 
f 664/1023/666 666/1025/668 667/1026/669 
f 664/1023/666 667/1026/669 668/1027/670 
f 669/1028/671 664/1023/666 668/1027/670 
f 670/1029/672 669/1028/671 668/1027/670 
f 671/1030/673 670/1029/672 668/1027/670 672/1031/674 
f 673/1032/675 672/1031/674 668/1027/670 674/1033/676 
f 675/1034/677 673/1032/675 674/1033/676 
f 676/1035/678 675/1034/677 674/1033/676 
f 677/1036/679 676/1035/678 674/1033/676 
f 677/1036/679 674/1033/676 678/1037/680 679/1038/681 
f 680/1039/682 679/1038/681 678/1037/680 681/1040/683 
f 682/1041/684 680/1039/682 681/1040/683 
f 683/1042/685 682/1041/684 681/1040/683 684/1043/686 
f 685/1044/687 683/1042/685 684/1043/686 
f 686/1045/688 685/1044/687 684/1043/686 687/1046/689 
f 688/1047/690 686/1045/688 687/1046/689 
f 689/1048/691 688/1047/690 687/1046/689 
f 689/1048/691 687/1046/689 690/1049/692 691/1050/693 
f 692/1051/694 691/1050/693 690/1049/692 693/1052/695 
f 694/1053/696 692/1051/694 693/1052/695 695/1054/697 
f 696/1055/698 694/1053/696 695/1054/697 
f 696/1055/698 695/1054/697 697/1056/699 698/1057/700 
f 699/1058/701 698/1057/700 697/1056/699 700/1059/702 
f 701/1060/703 699/1058/701 700/1059/702 
f 702/1061/704 701/1060/703 700/1059/702 
f 702/1061/704 700/1059/702 703/1062/705 704/1063/706 
f 705/1063/707 704/1063/706 703/1062/705 
f 706/1064/708 705/1063/707 703/1062/705 707/1065/709 
f 708/1066/710 706/1064/708 707/1065/709 
f 709/1067/711 708/1066/710 707/1065/709 710/1068/712 
f 711/1069/713 709/1067/711 710/1068/712 
f 712/1070/714 711/1069/713 710/1068/712 713/1071/715 
f 714/1072/716 712/1073/714 713/1074/715 
f 714/1072/716 713/1074/715 715/1075/717 716/1076/718 
f 717/1077/719 716/1076/718 715/1075/717 
f 718/1078/720 717/1077/719 715/1075/717 
f 718/1078/720 715/1075/717 719/1079/721 720/1080/722 
f 721/1081/723 720/1080/722 719/1079/721 
f 722/1082/724 721/1081/723 719/1079/721 723/1083/725 
f 724/1084/726 722/1082/724 723/1083/725 
f 725/1085/727 724/1084/726 723/1083/725 
f 725/1085/727 723/1083/725 726/1086/728 727/1087/729 
f 728/1088/730 727/1087/729 726/1086/728 729/1089/731 
f 730/1090/732 728/1088/730 729/1089/731 
f 731/1091/733 730/1090/732 729/1089/731 
f 732/1092/734 731/1091/733 729/1089/731 
f 732/1092/734 729/1089/731 733/1093/735 734/1094/736 
f 734/1094/736 733/1093/735 735/1095/737 736/1096/738 
f 737/1097/739 736/1096/738 735/1095/737 738/1098/740 
f 739/1099/741 737/1097/739 738/1098/740 
f 740/1100/742 739/1099/741 738/1098/740 
f 740/1100/742 738/1098/740 741/1101/743 742/1102/744 
f 743/1103/745 742/1102/744 741/1101/743 
f 744/1104/746 743/1103/745 741/1101/743 745/1105/747 
f 746/1106/748 744/1104/746 745/1105/747 
f 746/1106/748 745/1105/747 747/1107/749 748/1108/750 
f 749/1109/751 748/1108/750 747/1107/749 750/1110/752 
f 751/1111/753 749/1109/751 750/1110/752 
f 752/1112/754 751/1113/753 750/1114/752 
f 752/1112/754 750/1114/752 753/1115/755 754/1116/756 
f 755/1117/757 754/1116/756 753/1115/755 670/1029/672 
f 756/1118/758 755/1117/757 670/1029/672 
f 750/1114/752 757/1119/759 753/1115/755 
f 757/1119/759 758/1120/760 753/1115/755 
f 753/1115/755 758/1120/760 669/1028/671 
f 669/1028/671 758/1120/760 759/1121/761 
f 758/1120/760 760/1122/762 759/1121/761 
f 760/1122/762 665/1024/667 759/1121/761 
f 761/1123/763 665/1024/667 760/1122/762 
f 761/1123/763 760/1122/762 762/1124/764 
f 763/1125/765 761/1126/763 762/1127/764 
f 763/1125/765 762/1127/764 764/1128/766 
f 763/1125/765 764/1128/766 765/1129/767 
f 763/1125/765 765/1129/767 766/1130/768 
f 767/1131/769 763/1125/765 766/1130/768 
f 768/1132/770 767/1131/769 766/1130/768 
f 768/1132/770 766/1130/768 769/1133/771 
f 768/1132/770 769/1133/771 770/1134/772 
f 771/1135/773 768/1132/770 770/1134/772 
f 771/1135/773 770/1134/772 772/1136/774 
f 771/1135/773 772/1136/774 773/1137/775 
f 771/1135/773 773/1137/775 767/1131/769 
f 773/1137/775 774/1138/776 767/1131/769 
f 774/1138/776 775/1139/777 767/1131/769 
f 774/1138/776 776/1140/778 775/1139/777 
f 776/1140/778 777/1141/779 775/1139/777 
f 777/1141/779 761/1126/763 775/1139/777 
f 777/1141/779 666/1142/668 761/1126/763 
f 777/1141/779 778/1143/780 666/1142/668 
f 777/1141/779 779/1144/781 778/1143/780 
f 778/1145/780 779/1146/781 667/1026/669 
f 779/1146/781 780/1147/782 667/1026/669 
f 674/1033/676 667/1026/669 780/1147/782 
f 781/1148/783 780/1147/782 779/1146/781 
f 781/1149/783 779/1144/781 782/1150/784 
f 776/1140/778 781/1149/783 782/1150/784 
f 783/1151/785 781/1149/783 776/1140/778 
f 783/1152/785 784/1153/786 781/1148/783 
f 785/1154/787 784/1153/786 783/1152/785 
f 783/1152/785 786/1155/788 785/1154/787 
f 786/1155/788 787/1156/789 785/1154/787 
f 785/1154/787 787/1156/789 788/1157/790 
f 787/1156/789 789/1158/791 788/1157/790 
f 788/1157/790 789/1158/791 790/1159/792 
f 788/1157/790 790/1159/792 791/1160/793 
f 788/1157/790 791/1160/793 784/1153/786 
f 791/1160/793 792/1161/794 784/1153/786 
f 784/1153/786 792/1161/794 780/1147/782 
f 792/1161/794 793/1162/795 780/1147/782 
f 678/1037/680 780/1147/782 793/1162/795 
f 678/1037/680 793/1162/795 794/1163/796 
f 794/1163/796 793/1162/795 790/1159/792 
f 794/1163/796 790/1159/792 681/1040/683 
f 790/1159/792 793/1162/795 792/1161/794 
f 791/1160/793 790/1159/792 792/1161/794 
f 681/1040/683 790/1159/792 789/1158/791 
f 681/1040/683 789/1158/791 795/1164/797 
f 789/1158/791 796/1165/798 795/1164/797 
f 795/1164/797 796/1165/798 687/1046/689 
f 690/1049/692 796/1165/798 789/1158/791 
f 787/1156/789 690/1049/692 789/1158/791 
f 787/1156/789 797/1166/799 690/1049/692 
f 787/1156/789 798/1167/800 797/1166/799 
f 798/1167/800 799/1168/801 797/1166/799 
f 693/1052/695 797/1166/799 799/1168/801 
f 798/1167/800 800/1169/802 799/1168/801 
f 695/1054/697 799/1168/801 800/1169/802 
f 798/1167/800 801/1170/803 800/1169/802 
f 700/1059/702 800/1169/802 801/1170/803 
f 700/1059/702 801/1170/803 802/1171/804 
f 802/1171/804 801/1170/803 803/1172/805 
f 802/1171/804 803/1172/805 707/1065/709 
f 804/1173/806 803/1172/805 801/1170/803 
f 804/1173/806 805/1174/807 803/1172/805 
f 710/1068/712 803/1172/805 805/1174/807 
f 710/1068/712 805/1174/807 806/1175/808 
f 806/1175/808 805/1174/807 807/1176/809 
f 806/1177/808 807/1178/809 808/1179/810 
f 715/1075/717 806/1177/808 808/1179/810 
f 809/1180/811 808/1179/810 807/1178/809 
f 809/1180/811 807/1178/809 810/1181/812 
f 811/1182/813 809/1180/811 810/1181/812 
f 811/1183/813 810/1184/812 812/1185/814 
f 772/1186/774 811/1183/813 812/1185/814 
f 772/1186/774 812/1185/814 813/1187/815 
f 812/1185/814 804/1173/806 813/1187/815 
f 813/1187/815 804/1173/806 814/1188/816 
f 813/1187/815 814/1188/816 815/1189/817 
f 813/1187/815 815/1189/817 786/1155/788 
f 773/1190/775 813/1187/815 786/1155/788 
f 773/1190/775 786/1155/788 816/1191/818 
f 815/1189/817 814/1188/816 817/1192/819 
f 815/1189/817 817/1192/819 787/1156/789 
f 814/1188/816 798/1167/800 817/1192/819 
f 814/1188/816 804/1173/806 798/1167/800 
f 812/1185/814 810/1184/812 804/1173/806 
f 770/1134/772 809/1180/811 811/1182/813 
f 818/1193/820 809/1180/811 770/1134/772 
f 770/1134/772 819/1194/821 818/1193/820 
f 818/1193/820 819/1194/821 820/1195/822 
f 820/1195/822 821/1196/823 818/1193/820 
f 821/1196/823 820/1195/822 726/1086/728 
f 820/1195/822 819/1194/821 726/1086/728 
f 726/1086/728 819/1194/821 822/1197/824 
f 733/1093/735 726/1086/728 822/1197/824 
f 733/1093/735 822/1197/824 823/1198/825 
f 823/1198/825 822/1197/824 824/1199/826 
f 823/1198/825 824/1199/826 738/1098/740 
f 738/1098/740 824/1199/826 825/1200/827 
f 826/1201/828 825/1200/827 824/1199/826 
f 766/1130/768 826/1201/828 824/1199/826 
f 827/1202/829 825/1200/827 826/1201/828 
f 765/1129/767 827/1202/829 826/1201/828 
f 827/1202/829 741/1101/743 825/1200/827 
f 824/1199/826 822/1197/824 828/1203/830 
f 769/1133/771 824/1199/826 828/1203/830 
f 769/1133/771 828/1203/830 819/1194/821 
f 828/1203/830 822/1197/824 819/1194/821 
f 818/1193/820 821/1196/823 809/1180/811 
f 719/1079/721 809/1180/811 821/1196/823 
f 810/1184/812 807/1176/809 804/1173/806 
f 808/1179/810 809/1180/811 719/1079/721 
f 804/1173/806 807/1176/809 805/1174/807 
f 804/1173/806 801/1170/803 798/1167/800 
f 817/1192/819 798/1167/800 787/1156/789 
f 786/1155/788 815/1189/817 787/1156/789 
f 786/1155/788 783/1152/785 816/1191/818 
f 816/1204/818 783/1151/785 774/1138/776 
f 785/1154/787 788/1157/790 784/1153/786 
f 784/1153/786 780/1147/782 781/1148/783 
f 782/1150/784 779/1144/781 777/1141/779 
f 776/1140/778 782/1150/784 777/1141/779 
f 774/1138/776 783/1151/785 776/1140/778 
f 773/1137/775 816/1204/818 774/1138/776 
f 772/1186/774 813/1187/815 773/1190/775 
f 770/1134/772 811/1182/813 772/1136/774 
f 769/1133/771 819/1194/821 770/1134/772 
f 766/1130/768 824/1199/826 769/1133/771 
f 767/1131/769 768/1132/770 771/1135/773 
f 767/1131/769 775/1139/777 763/1125/765 
f 766/1130/768 765/1129/767 826/1201/828 
f 827/1202/829 765/1129/767 764/1128/766 
f 745/1105/747 827/1202/829 764/1128/766 
f 757/1205/759 764/1128/766 762/1127/764 
f 747/1107/749 764/1128/766 757/1205/759 
f 775/1139/777 761/1126/763 763/1125/765 
f 758/1120/760 762/1124/764 760/1122/762 
f 757/1119/759 762/1124/764 758/1120/760 
f 750/1110/752 747/1107/749 757/1205/759 
f 745/1105/747 764/1128/766 747/1107/749 
f 827/1202/829 745/1105/747 741/1101/743 
f 738/1098/740 825/1200/827 741/1101/743 
f 735/1095/737 823/1198/825 738/1098/740 
f 735/1095/737 733/1093/735 823/1198/825 
f 729/1089/731 726/1086/728 733/1093/735 
f 821/1196/823 726/1086/728 723/1083/725 
f 719/1079/721 821/1196/823 723/1083/725 
f 715/1075/717 808/1179/810 719/1079/721 
f 715/1075/717 713/1074/715 806/1177/808 
f 710/1068/712 806/1175/808 713/1071/715 
f 707/1065/709 803/1172/805 710/1068/712 
f 703/1062/705 802/1171/804 707/1065/709 
f 703/1062/705 700/1059/702 802/1171/804 
f 697/1056/699 800/1169/802 700/1059/702 
f 695/1054/697 800/1169/802 697/1056/699 
f 682/1206/684 683/1207/685 685/1208/687 686/1209/688 688/1210/690 689/1211/691 691/1212/693 692/1213/694 694/1214/696 696/1215/698 698/1216/700 699/1217/701 701/1218/703 702/1219/704 704/1220/706 705/1221/707 706/1222/708 708/1223/710 709/1224/711 711/1225/713 712/1226/714 714/1227/716 716/1228/718 717/1229/719 718/1230/720 720/1231/722 721/1232/723 722/1233/724 724/1234/726 725/1235/727 727/1236/729 728/1237/730 730/1238/732 731/1239/733 732/1240/734 734/1241/736 736/1242/738 737/1243/739 739/1244/741 740/1245/742 742/1246/744 743/1247/745 744/1248/746 746/1249/748 748/1250/750 749/1251/751 751/1252/753 752/1253/754 754/1254/756 755/1255/757 756/1256/758 671/1257/673 672/1258/674 673/1259/675 675/1260/677 676/1261/678 677/1262/679 679/1263/681 680/1264/682 
f 693/1052/695 799/1168/801 695/1054/697 
f 693/1052/695 690/1049/692 797/1166/799 
f 687/1046/689 796/1165/798 690/1049/692 
f 684/1043/686 795/1164/797 687/1046/689 
f 684/1043/686 681/1040/683 795/1164/797 
f 681/1040/683 678/1037/680 794/1163/796 
f 674/1033/676 780/1147/782 678/1037/680 
f 671/1030/673 756/1118/758 670/1029/672 
f 753/1115/755 669/1028/671 670/1029/672 
f 669/1028/671 759/1121/761 664/1023/666 
f 667/1026/669 674/1033/676 668/1027/670 
f 778/1145/780 667/1026/669 666/1025/668 
f 666/1142/668 665/1265/667 761/1126/763 
f 759/1121/761 665/1024/667 664/1023/666 
f 602/895/603 660/955/662 598/891/599 594/886/595 527/812/528 609/903/611 640/935/642 594/896/604 
s 7
f 829/1266/831 830/1267/832 831/1268/833 832/1269/834 
s 3
f 833/1270/835 834/1271/836 835/1272/837 836/1273/838 
f 837/1274/839 838/1275/840 839/1276/841 
s 7
f 840/1277/842 841/1278/843 842/1279/844 843/1280/845 
s 3
f 844/1281/846 845/1282/847 846/1283/848 
s 28
f 847/1284/849 835/1272/837 848/1285/850 
s 4
f 849/1286/851 850/1287/852 851/1288/853 
s 35
f 852/1289/854 853/1290/855 854/1291/856 847/1284/849 
s 13
f 855/1292/857 856/1293/858 846/1283/848 845/1282/847 
s 1152
f 857/1294/859 858/1295/860 859/1296/861 
s 7
f 860/1297/862 861/1298/863 862/1299/864 863/1300/865 
s 458759
f 864/1301/866 865/1302/867 866/1303/868 867/1304/869 
s 49152
f 868/1305/870 869/1306/871 870/1307/872 866/1303/868 
s 13
f 871/1308/873 872/1309/874 873/1310/875 874/1311/876 
s 8192
f 875/1312/877 876/1313/878 877/1314/879 
s 6
f 878/1315/880 879/1316/881 880/1317/882 
s 131184
f 881/1318/883 882/1319/884 872/1309/874 
s 9
f 883/1320/885 884/1321/886 882/1319/884 
s 56
f 885/1322/887 862/1299/864 886/1323/888 887/1324/889 
s 208
f 847/1284/849 848/1285/850 888/1325/890 
s 196608
f 889/1326/891 831/1268/833 890/1327/892 891/1328/893 
s 16405
f 892/1329/894 893/1330/895 894/1331/896 895/1332/897 
s 99
f 896/1333/898 877/1314/879 880/1317/882 879/1316/881 
s 4103
f 897/1334/899 898/1335/900 899/1336/901 900/1337/902 
s 5
f 901/1338/903 902/1339/904 903/1340/905 
s 266240
f 904/1341/906 905/1342/907 890/1327/892 906/1343/908 
s 28
f 878/1315/880 880/1317/882 907/1344/909 908/1345/910 
s 32864
f 909/1346/911 868/1305/870 866/1303/868 
s 208
f 910/1347/912 911/1348/913 886/1323/888 862/1299/864 
s 152
f 856/1293/858 912/1349/914 846/1283/848 
s 12
f 913/1350/915 914/1351/916 915/1352/917 916/1353/918 
s 26
f 917/1354/919 918/1355/920 842/1279/844 841/1278/843 
s 4225
f 919/1356/921 920/1357/922 921/1358/923 922/1359/924 
s 69648
f 870/1307/872 867/1304/869 866/1303/868 
s 48
f 923/1360/925 917/1361/919 841/1362/843 
s 258
f 924/1363/926 852/1289/854 847/1284/849 
s 1664
f 925/1364/927 847/1284/849 888/1325/890 926/1365/928 
s 18
f 927/1366/929 928/1367/930 929/1368/931 
s 16
f 930/1369/932 857/1294/859 859/1296/861 
s 136
f 931/1370/933 883/1320/885 882/1319/884 
s 131584
f 881/1318/883 872/1309/874 851/1288/853 
s 2784
f 932/1371/934 933/1372/935 842/1279/844 934/1373/936 
s 34
f 935/1374/937 837/1274/839 839/1276/841 
s 37
f 936/1375/938 937/1376/939 938/1377/940 
s 193
f 838/1275/840 939/1378/941 907/1344/909 839/1276/841 
s 49152
f 895/1332/897 894/1331/896 877/1314/879 
s 9864
f 876/1313/878 940/1379/942 861/1380/863 877/1314/879 
s 1033
f 926/1365/928 888/1325/890 941/1381/943 942/1382/944 
s 8242
f 943/1383/945 900/1337/902 899/1336/901 
s 393552
f 906/1343/908 890/1327/892 831/1268/833 944/1384/946 
s 1664
f 856/1293/858 831/1268/833 912/1349/914 
s 2560
f 925/1364/927 945/1385/947 847/1284/849 
s off
f 833/1270/835 946/1386/948 834/1271/836 
s 2092
f 947/1387/949 948/1388/950 949/1389/951 905/1342/907 
s 17
f 853/1290/855 950/1390/952 854/1291/856 
s 266
f 928/1391/930 951/1392/953 929/1393/931 
s 65664
f 877/1314/879 861/1380/863 895/1332/897 
s 770
f 952/1394/954 836/1273/838 835/1272/837 882/1319/884 
s 4132
f 854/1291/856 835/1272/837 847/1284/849 
s 16395
f 869/1306/871 953/1395/955 870/1307/872 
s 8194
f 890/1327/892 905/1342/907 938/1377/940 
s 2082
f 937/1376/939 891/1328/893 890/1327/892 938/1377/940 
s 513
f 884/1321/886 952/1394/954 882/1319/884 
s 17218
f 844/1281/846 846/1283/848 954/1396/956 955/1397/957 
s 40992
f 846/1283/848 916/1353/918 915/1352/917 
s 71
f 956/1398/958 913/1350/915 916/1353/918 
s 4380
f 957/1399/959 958/1400/960 959/1401/961 919/1356/921 922/1359/924 
s 4177
f 904/1341/906 960/1402/962 905/1342/907 
s 104464
f 912/1349/914 916/1353/918 846/1283/848 
s 57
f 930/1369/932 859/1296/861 830/1267/832 829/1266/831 
s 770
f 961/1403/963 862/1299/864 861/1298/863 940/1404/942 
s 1152
f 962/1405/964 910/1347/912 862/1299/864 
s 36
f 933/1372/935 843/1280/845 842/1279/844 
s 200
f 963/1406/965 874/1311/876 873/1310/875 854/1291/856 
s 3328
f 835/1272/837 964/1407/966 882/1319/884 
s 32964
f 901/1338/903 903/1340/905 943/1383/945 965/1408/967 
s 4
f 966/1409/968 967/1410/969 968/1411/970 
s 4096
f 898/1335/900 969/1412/971 899/1336/901 
s 100616
f 899/1336/901 941/1381/943 888/1325/890 
s 512
f 970/1413/972 932/1371/934 934/1373/936 
s 5123
f 871/1308/873 971/1414/973 872/1309/874 
s 8584
f 938/1377/940 905/1342/907 949/1389/951 
s 1281
f 936/1375/938 938/1377/940 949/1389/951 972/1415/974 
s 2052
f 973/1416/975 832/1269/834 831/1268/833 
s 527560
f 909/1346/911 866/1303/868 915/1352/917 914/1351/916 
s 262144
f 974/1417/976 954/1396/956 866/1303/868 865/1302/867 
s 336
f 903/1340/905 900/1337/902 943/1383/945 
s 1792
f 975/1418/977 900/1337/902 903/1340/905 976/1419/978 
s 2048
f 977/1420/979 947/1387/949 905/1342/907 
s 64
f 960/1402/962 977/1420/979 905/1342/907 
s 65
f 840/1277/842 978/1421/980 841/1278/843 
s 928
f 923/1360/925 841/1362/843 867/1304/869 979/1422/981 
s 4192
f 980/1423/982 981/1424/983 888/1325/890 848/1285/850 
s off
f 946/1386/948 982/1425/984 834/1271/836 
s 1
f 920/1357/922 983/1426/985 921/1358/923 
s 4
f 983/1426/985 984/1427/986 921/1358/923 
s 130
f 956/1398/958 916/1353/918 859/1296/861 858/1295/860 
s 65792
f 912/1349/914 859/1296/861 916/1353/918 
s 26176
f 985/1428/987 922/1359/924 886/1323/888 911/1348/913 
s 270592
f 851/1288/853 872/1309/874 842/1279/844 
s 267272
f 986/1429/988 851/1288/853 842/1279/844 918/1355/920 
s 548
f 935/1374/937 839/1276/841 894/1331/896 893/1330/895 
s 2184
f 880/1317/882 839/1276/841 907/1344/909 
s 12
f 885/1322/887 863/1300/865 862/1299/864 
s 1
f 896/1333/898 875/1312/877 877/1314/879 
s 1030
f 986/1429/988 849/1286/851 851/1288/853 
s 18
f 987/1430/989 908/1345/910 907/1344/909 
s 144
f 950/1390/952 963/1406/965 854/1291/856 
s 24640
f 964/1407/966 854/1291/856 873/1310/875 
s 13312
f 964/1407/966 835/1272/837 854/1291/856 
s 193
f 988/1431/990 942/1382/944 941/1381/943 
s 32832
f 969/1412/971 988/1431/990 941/1381/943 899/1336/901 
s 131328
f 951/1392/953 989/1432/991 895/1332/897 929/1393/931 
s 196608
f 968/1411/970 899/1336/901 888/1325/890 
s 151558
f 966/1409/968 968/1411/970 888/1325/890 981/1424/983 
s 4352
f 990/1433/992 979/1422/981 867/1304/869 870/1307/872 
s 2
f 953/1395/955 990/1433/992 870/1307/872 
s 12
f 991/1434/993 897/1334/899 900/1337/902 
s 520
f 975/1418/977 991/1434/993 900/1337/902 
s 16384
f 974/1417/976 955/1397/957 954/1396/956 
s 12800
f 992/1435/994 831/1268/833 856/1293/858 
s 8198
f 993/1436/995 992/1435/994 856/1293/858 855/1292/857 
s 256
f 994/1437/996 957/1399/959 922/1359/924 
s 16384
f 985/1428/987 994/1437/996 922/1359/924 
s 3
f 993/1436/995 995/1438/997 992/1435/994 
s 2304
f 945/1385/947 924/1363/926 847/1284/849 
s 1280
f 961/1403/963 962/1405/964 862/1299/864 
s 32804
f 882/1319/884 873/1310/875 872/1309/874 
s 51200
f 964/1407/966 873/1310/875 882/1319/884 
s 8194
f 922/1359/924 921/1358/923 886/1323/888 
s 2342
f 984/1427/986 887/1324/889 886/1323/888 921/1358/923 
s 16393
f 835/1272/837 834/1271/836 848/1285/850 
s 16640
f 982/1425/984 996/1439/998 848/1285/850 834/1271/836 
s 4113
f 927/1366/929 929/1368/931 861/1298/863 860/1297/862 
s 202816
f 861/1380/863 929/1393/931 895/1332/897 
s 6656
f 880/1317/882 894/1331/896 839/1276/841 
s 37184
f 877/1314/879 894/1331/896 880/1317/882 
s 73872
f 931/1370/933 882/1319/884 881/1318/883 997/1440/999 
s 82432
f 850/1287/852 997/1440/999 881/1318/883 851/1288/853 
s 17410
f 831/1268/833 830/1267/832 912/1349/914 
s 24864
f 912/1349/914 830/1267/832 859/1296/861 
s 1600
f 949/1389/951 907/1344/909 939/1378/941 972/1415/974 
s 546
f 907/1344/909 949/1389/951 948/1388/950 987/1430/989 
s 2240
f 998/1441/1000 867/1304/869 841/1362/843 978/1442/980 
s 2052
f 998/1441/1000 864/1301/866 867/1304/869 
s 8704
f 915/1352/917 954/1396/956 846/1283/848 
s 524288
f 866/1303/868 954/1396/956 915/1352/917 
s 4096
f 971/1414/973 970/1413/972 934/1373/936 872/1309/874 
s 10240
f 872/1309/874 934/1373/936 842/1279/844 
s 288
f 996/1439/998 980/1423/982 848/1285/850 
s 67592
f 889/1326/891 973/1416/975 831/1268/833 
s 11
f 999/1443/1001 892/1329/894 895/1332/897 
s 8
f 989/1432/991 999/1443/1001 895/1332/897 
s 8704
f 943/1383/945 899/1336/901 968/1411/970 
s 34304
f 965/1408/967 943/1383/945 968/1411/970 967/1410/969 
s 32769
f 995/1438/997 1000/1444/1002 992/1435/994 
s 37120
f 1000/1444/1002 944/1384/946 831/1268/833 992/1435/994 
s 1033
f 976/1419/978 903/1340/905 902/1339/904 959/1401/961 958/1400/960 
s off
f 979/1445/981 990/1446/992 953/1447/955 869/1448/871 868/1449/870 909/1450/911 914/1451/916 913/1452/915 956/1453/958 858/1454/860 857/1455/859 930/1456/932 829/1457/831 832/1458/834 973/1459/975 889/1460/891 891/1461/893 937/1462/939 936/1463/938 972/1464/974 939/1465/941 838/1466/840 837/1467/839 935/1468/937 893/1469/895 892/1470/894 999/1471/1001 989/1472/991 951/1473/953 928/1474/930 927/1475/929 860/1476/862 863/1477/865 885/1478/887 887/1479/889 984/1480/986 983/1481/985 920/1482/922 919/1483/921 959/1484/961 902/1485/904 901/1486/903 965/1487/967 967/1488/969 966/1489/968 981/1490/983 980/1491/982 996/1492/998 982/1493/984 946/1494/948 833/1495/835 836/1496/838 952/1497/954 884/1498/886 883/1499/885 931/1500/933 997/1501/999 850/1502/852 849/1503/851 986/1504/988 918/1505/920 917/1506/919 923/1507/925 
f 988/1508/990 969/1509/971 898/1510/900 897/1511/899 991/1512/993 975/1513/977 976/1514/978 958/1515/960 957/1516/959 994/1517/996 985/1518/987 911/1519/913 910/1520/912 962/1521/964 961/1522/963 940/1523/942 876/1524/878 875/1525/877 896/1526/898 879/1527/881 878/1528/880 908/1529/910 987/1530/989 948/1531/950 947/1532/949 977/1533/979 960/1534/962 904/1535/906 906/1536/908 944/1537/946 1000/1538/1002 995/1539/997 993/1540/995 855/1541/857 845/1542/847 844/1543/846 955/1544/957 974/1545/976 865/1546/867 864/1547/866 998/1548/1000 978/1549/980 840/1550/842 843/1551/845 933/1552/935 932/1553/934 970/1554/972 971/1555/973 871/1556/873 874/1557/876 963/1558/965 950/1559/952 853/1560/855 852/1561/854 924/1562/926 945/1563/947 925/1564/927 926/1565/928 942/1566/944 
# 123 polygons - 510 triangles

#
# object Stone3
#

v  -40.8821 11.1002 -14.4763
v  -38.0209 5.4201 -15.2412
v  -34.9679 6.7050 -10.8779
v  -31.4985 25.7743 -10.1552
v  -27.9272 25.5244 -12.9792
v  -30.1625 25.9647 -14.4140
v  -41.9558 9.9169 -16.7328
v  -36.4115 26.4473 -14.5792
v  -36.5490 26.2326 -18.3474
v  -39.4954 26.1621 -16.4224
v  -40.9351 23.7934 -24.1080
v  -35.5309 24.8155 -24.2771
v  -39.2836 19.5163 -26.1382
v  -26.3196 21.4225 -6.9374
v  -30.3981 19.5999 -2.2204
v  -26.9257 17.5719 -1.7218
v  -37.3862 24.4038 -13.1563
v  -34.5409 25.9854 -12.5277
v  -37.2105 25.9612 -14.2306
v  -42.5080 25.2030 -18.6216
v  -46.0494 19.8717 -16.7773
v  -43.4438 18.6646 -12.9770
v  -40.6309 20.1277 -25.4985
v  -39.7379 18.6399 -25.6908
v  -45.3526 20.8614 -19.7625
v  -34.3800 18.8778 -4.1340
v  -32.3376 18.9444 -2.4237
v  -30.7417 21.8373 -4.6313
v  -43.4835 24.7105 -19.4402
v  -44.0693 23.8921 -20.2379
v  -46.1744 21.1470 -18.6114
v  -37.7596 25.6879 -20.9050
v  -40.2354 24.4626 -23.3069
v  -34.8627 25.1808 -23.5248
v  -37.1334 24.8214 -23.9704
v  -35.7732 10.4384 -9.5043
v  -38.0212 12.4287 -10.6722
v  -30.8543 22.4378 -5.5065
v  -36.6733 20.7690 -9.3696
v  -42.2640 16.7452 -20.9420
v  -45.1251 16.4954 -17.3079
v  -46.2575 18.8566 -17.3391
v  -44.3628 18.1314 -14.2355
v  -35.6389 15.9041 -27.7635
v  -31.4228 25.3087 -9.3416
v  -35.0194 22.5179 -10.1205
v  -29.9165 23.4339 -6.8202
v  -45.0932 21.9650 -20.4122
v  -39.5660 18.1226 -8.8359
v  -36.9156 18.6862 -6.2388
v  -37.8539 20.4951 -10.4159
v  -42.6604 20.3601 -14.1003
v  -39.1860 17.3613 -8.4403
v  -36.0531 16.0464 -5.8694
v  -34.9538 18.0506 -4.0468
v  -37.0474 14.3403 -25.8693
v  -36.8858 16.0509 -27.1521
v  -31.9608 24.9879 -24.1507
v  -35.5313 25.9193 -20.5385
v  -28.7858 25.2369 -21.8859
v  -34.1782 26.3943 -15.4387
v  -36.9833 4.6979 -15.1110
v  -30.2385 25.3911 -9.9451
v  -42.9461 11.6706 -16.7352
v  -42.9532 17.8328 -12.4789
v  -42.9987 12.5619 -17.2757
v  -39.3187 10.8563 -20.0544
v  -38.5340 22.1272 -12.5862
v  -32.4803 26.1627 -17.8444
v  -28.5080 17.7764 -1.1674
v  -31.0511 18.8344 -1.7677
v  -38.2018 4.1377 -16.9534
v  -39.8460 6.0060 -17.2313
v  -38.4669 4.1617 -17.9828
v  -42.4064 24.3675 -21.8109
v  -42.1366 23.1800 -23.6779
v  -40.2831 17.9780 -9.3880
v  -41.9126 23.1981 -16.0615
v  -38.3838 12.6592 -22.2833
v  -43.8965 13.4826 -16.7494
v  -44.8048 15.4548 -16.7473
v  -33.5645 26.2925 -12.9315
v  -32.5977 26.0836 -11.5060
v  -33.4663 6.3862 -10.0994
v  -36.9999 21.7789 -10.8246
v  -42.1235 10.8473 -17.2389
v  -32.1120 10.4803 -7.2535
v  -27.6983 25.2906 -20.3431
v  -32.3903 24.2443 -24.6619
v  -35.9368 12.0092 -8.6019
v  -42.3211 22.0862 -24.2879
v  -25.6652 23.2746 -11.4882
v  -25.7966 24.8578 -13.5336
v  -28.0119 15.5610 -1.7831
v  -40.8898 8.0560 -16.8105
v  -37.9473 17.1568 -27.0205
v  -41.2473 9.0754 -17.2514
v  -27.4805 16.5727 -1.6501
v  -37.8613 9.1672 -20.7509
v  -36.2048 11.9518 -24.8419
v  -26.8330 12.7966 -2.7419
v  -25.8934 14.4920 -2.4764
v  -35.6728 9.7399 -23.8706
v  -36.0432 8.0009 -22.4281
v  -24.6974 21.5776 -9.2589
v  -24.7611 21.9573 -9.9916
v  -36.7923 3.2734 -17.7617
v  -36.9524 3.3017 -18.2653
v  -27.4521 11.9461 -3.3020
v  -27.5291 11.8477 -3.3823
v  -26.6855 25.0913 -20.0815
v  -26.9246 25.0737 -20.7470
v  -36.9224 4.5843 -20.0319
v  -36.8740 4.8129 -20.2222
v  -27.4399 24.9498 -22.0571
v  -27.6385 24.8884 -22.5421
v  -25.7861 14.7012 -2.4686
v  -24.6573 17.3804 -3.0780
v  -33.4032 16.7010 -27.3707
v  -30.5041 21.2814 -25.6114
v  -30.8514 8.1861 -7.6921
v  -31.5351 7.3946 -8.5243
v  -32.9498 6.0182 -10.6237
v  -34.9183 4.6384 -14.3185
v  -26.3476 25.1078 -19.1287
v  -25.6092 25.0715 -16.9425
v  -36.9975 4.2648 -19.7872
v  -24.8369 22.5793 -11.1093
v  -24.3809 20.0787 -6.1784
v  -24.4907 17.8699 -3.3040
v  -35.6567 9.8216 -23.9422
v  -25.4253 25.0350 -16.3584
v  -32.4448 6.3449 -9.6364
v  -32.2296 6.6040 -9.3887
v  -36.7031 5.4256 -20.6138
v  -29.1647 10.0629 -5.5300
v  -28.1842 11.0825 -4.1698
v  -28.9526 23.9020 -24.9144
v  -29.9498 22.2189 -25.3642
v  -27.2990 12.1305 -3.1260
v  -34.3438 15.2728 -28.0249
v  -34.4492 15.0943 -28.0715
v  -34.6701 14.1562 -27.3543
v  -24.4264 20.4552 -6.8539
v  -29.9969 9.1385 -6.5990
v  -32.7618 6.1217 -10.2301
v  -35.6418 9.9204 -24.0417
v  -28.5658 24.4552 -24.5959
v  -28.4867 24.5626 -24.5225
v  -28.1628 24.7088 -23.7978
v  -36.2498 3.6371 -16.7193
v  -36.0072 3.7987 -16.2520
v  -24.8586 23.1774 -12.0364
v  -34.7473 13.7998 -27.0626
v  -32.4597 6.3106 -9.6299
v  -36.9669 3.4270 -18.4882
v  -24.5652 21.1300 -8.2300
v  -35.1831 11.7550 -25.3671
v  -35.3192 11.1458 -24.8802
v  -25.8385 14.5928 -2.4635
v  -24.8316 23.9643 -13.0954
v  -24.8123 24.7886 -14.2308
v  -24.8251 24.9070 -14.4389
v  -16.7065 20.4085 -26.6332
v  -14.8078 19.7739 -25.6564
v  -16.1023 18.0147 -27.5356
v  -17.5612 15.6255 -28.5016
v  -21.7384 22.3614 -25.7618
v  -18.8874 21.8852 -25.9495
v  -21.0886 22.8697 -25.1135
v  -22.2434 23.1038 -25.2096
v  -22.5173 22.8016 -25.5645
v  -24.6453 19.1854 -26.4889
v  -24.9504 18.0697 -26.8028
v  -25.1891 18.2677 -26.7341
v  -25.2889 18.0989 -26.7786
v  -25.7875 17.2793 -27.0353
v  -24.0380 15.8127 -27.7053
v  -26.5466 16.0410 -27.4396
v  -26.9861 15.3689 -27.7384
v  -26.5529 10.5437 -30.1053
v  -29.1830 12.1109 -29.3794
v  -29.3354 11.8397 -29.4279
v  -27.8049 10.6058 -29.9307
v  -29.4541 11.4547 -29.2146
v  -29.4774 11.3582 -29.1423
v  -25.9126 7.3495 -29.4440
v  -29.6252 10.8558 -28.8438
v  -30.1016 8.4629 -26.7627
v  -25.6643 5.9406 -28.8734
v  -30.1625 8.2148 -26.5802
v  -30.2617 7.8366 -26.3203
v  -26.5170 4.3441 -27.4478
v  -30.4392 7.2098 -25.9274
v  -28.5915 3.7129 -25.7240
v  -31.4568 3.8434 -24.0037
v  -29.7596 0.9799 -23.4765
v  -31.7843 2.5497 -23.0808
v  -31.7323 2.3482 -22.6394
v  -29.6713 0.5702 -22.5376
v  -31.7813 2.0420 -22.3385
v  -31.7341 1.3331 -21.1779
v  -31.6584 0.5571 -19.9743
v  -31.6924 0.5786 -19.9670
v  -31.6921 0.5752 -19.9614
v  -31.1061 0.9788 -18.8511
v  -27.9714 0.2095 -18.3392
v  -30.8705 1.1047 -18.3519
v  -30.5838 1.3056 -17.8137
v  -26.8257 0.4459 -17.2390
v  -28.9340 2.5815 -14.8898
v  -27.8643 3.3838 -12.9579
v  -27.5093 3.2485 -12.9819
v  -27.6702 3.5030 -12.5692
v  -24.4590 3.4165 -9.8715
v  -26.7241 4.0212 -10.5839
v  -26.1519 4.2749 -9.2969
v  -25.7085 4.5257 -8.3780
v  -24.0560 4.1595 -9.4711
v  -25.4593 4.9000 -8.1987
v  -25.0154 5.5939 -7.9186
v  -23.5754 7.9615 -7.1784
v  -22.3369 7.9142 -7.9569
v  -23.1729 8.6219 -6.9695
v  -22.1994 10.2947 -6.5733
v  -19.1084 10.2955 -8.5659
v  -21.2697 11.8871 -6.1879
v  -20.6537 12.9856 -5.9952
v  -19.5464 13.3811 -6.5344
v  -20.3854 13.5172 -5.9878
v  -20.1585 14.0482 -6.0993
v  -19.6485 15.1662 -6.2411
v  -17.8741 14.1390 -7.2560
v  -19.1577 16.2164 -6.3402
v  -16.1088 16.9340 -7.8085
v  -18.7385 17.1245 -6.4409
v  -18.7745 17.4089 -6.9562
v  -15.5308 18.0971 -10.3925
v  -18.6636 18.0303 -7.5335
v  -18.9470 19.5986 -10.6186
v  -16.1349 19.2789 -12.0081
v  -18.9783 20.0068 -11.2990
v  -19.0136 20.3410 -11.8840
v  -19.0812 21.7091 -14.0561
v  -16.0685 21.9479 -16.3726
v  -19.0487 23.2059 -16.1250
v  -16.3047 22.2104 -18.3287
v  -19.1787 23.3044 -16.6431
v  -19.5630 23.4285 -17.9330
v  -19.0205 23.2040 -19.4849
v  -19.9940 23.5145 -19.3026
v  -20.4065 23.4840 -20.4507
v  -18.6653 22.7465 -22.2044
v  -21.1014 23.4353 -22.3886
v  -21.8458 23.2647 -24.2935
v  -22.0996 23.1862 -24.9133
v  -15.6773 21.7015 -21.1390
v  -16.2798 21.6404 -23.0592
v  -15.9853 20.7176 -25.9099
v  -15.2068 20.8921 -23.9736
v  -13.8560 16.2799 -25.0961
v  -15.2010 20.7406 -22.8485
v  -13.7093 15.3015 -23.4441
v  -15.6648 21.3425 -19.1180
v  -14.5620 15.2550 -18.7303
v  -13.9160 12.4516 -18.6483
v  -12.8965 6.8676 -22.6155
v  -13.1890 7.9395 -20.2546
v  -13.7220 9.4441 -16.1955
v  -14.9566 6.8803 -16.9233
v  -13.5502 5.1371 -22.5664
v  -14.5381 4.3887 -21.2420
v  -12.8713 5.8464 -24.4477
v  -12.8462 6.4998 -25.1123
v  -13.5462 14.3309 -25.0398
v  -13.2639 9.4368 -27.7223
v  -14.7349 13.2428 -27.1460
v  -16.2538 15.7583 -28.2832
v  -16.6035 13.9286 -29.1998
v  -19.9497 13.1343 -29.2473
v  -13.9387 9.2566 -28.5299
v  -14.6583 11.2668 -28.2420
v  -12.9739 6.7243 -26.8443
v  -17.4436 8.7068 -28.5708
v  -19.7366 6.8822 -27.5191
v  -16.6382 4.1996 -25.6347
v  -21.9053 5.7437 -27.3417
v  -21.0547 7.7233 -28.3687
v  -23.0562 7.9231 -29.1449
v  -22.6399 8.7139 -29.0668
v  -20.4132 8.3332 -28.6965
v  -21.4110 10.9261 -28.9576
v  -23.3135 11.9724 -29.4237
v  -24.8993 11.3280 -29.7295
v  -26.2068 8.8441 -30.0030
v  -25.1438 6.6520 -29.1111
v  -25.4103 4.3647 -27.9641
v  -21.7300 2.4897 -25.9542
v  -26.2522 1.9365 -25.9111
v  -26.1702 1.2685 -25.2275
v  -26.0280 0.7170 -22.3936
v  -30.6216 0.4549 -20.7674
v  -25.8464 0.3113 -17.9667
v  -22.8627 1.4781 -21.8662
v  -25.8144 0.2779 -17.0838
v  -22.6456 1.2799 -12.8600
v  -21.4674 1.5168 -13.2473
v  -22.2497 1.9458 -12.3648
v  -16.6512 3.2084 -15.3500
v  -16.2659 3.4570 -18.0600
v  -15.3768 3.8749 -19.2280
v  -15.3561 3.9457 -20.0643
v  -16.3131 3.8706 -23.0181
v  -20.8104 2.6449 -25.4024
v  -18.2282 3.6276 -25.7255
v  -13.0474 6.0672 -26.0668
v  -19.9373 3.1126 -25.7880
v  -15.7045 6.1878 -14.2613
v  -14.2613 9.6988 -12.4793
v  -15.0897 8.3222 -12.7903
v  -16.2246 5.5680 -13.9143
v  -14.5862 12.5226 -10.5217
v  -15.5356 15.7683 -8.3557
v  -14.5304 14.6690 -12.0791
v  -15.5575 18.9082 -12.8920
v  -14.6234 14.6759 -15.7739
v  -15.7944 20.5722 -15.3660
v  -14.0001 10.4259 -12.9025
v  -26.8312 12.7942 -2.7429
v  -26.6827 12.4462 -2.8636
v  -25.6547 14.3680 -2.5553
v  -25.8924 14.4879 -2.4775
v  -35.6670 9.7450 -23.8709
v  -35.5915 9.7648 -23.9786
v  -35.2339 7.4925 -23.1691
v  -36.0366 8.0074 -22.4282
v  -24.7632 21.9475 -9.9932
v  -24.6994 21.5680 -9.2605
v  -23.7545 21.6586 -10.6141
v  -28.9323 2.5914 -14.8881
v  -30.8446 4.5286 -12.7558
v  -34.1925 2.1437 -18.3655
v  -30.5811 1.3173 -17.8118
v  -25.0161 5.5994 -7.9173
v  -23.5774 7.9645 -7.1773
v  -26.6769 8.0827 -5.2276
v  -31.2634 8.7782 -26.0173
v  -33.6412 9.6272 -24.9524
v  -36.7838 3.2835 -17.7615
v  -36.9439 3.3119 -18.2651
v  -35.4067 2.4390 -18.5515
v  -30.4387 7.2174 -25.9259
v  -31.4547 3.8540 -24.0019
v  -33.5732 3.9504 -22.7292
v  -23.1752 8.6242 -6.9685
v  -24.5980 9.8288 -5.2867
v  -27.4497 11.9447 -3.3028
v  -27.5267 11.8464 -3.3831
v  -27.1774 11.5546 -3.3517
v  -26.6881 25.0806 -20.0832
v  -22.1323 24.1839 -18.9041
v  -23.4477 24.0876 -22.5662
v  -26.9272 25.0631 -20.7487
v  -26.7236 4.0287 -10.5824
v  -26.1517 4.2819 -9.2955
v  -29.6835 6.0727 -8.0968
v  -28.2547 4.4376 -11.0647
v  -31.5298 7.3988 -8.5247
v  -32.2237 6.6091 -9.3890
v  -31.9154 6.2755 -9.3788
v  -31.7311 1.3456 -21.1759
v  -34.4671 2.3574 -19.3715
v  -34.5622 3.9957 -22.0745
v  -31.7785 2.0540 -22.3365
v  -19.1876 23.2943 -16.6432
v  -19.5718 23.4186 -17.9331
v  -20.2371 23.6937 -16.0273
v  -19.0215 20.3328 -11.8839
v  -19.0895 21.7001 -14.0561
v  -22.0830 21.4624 -11.7527
v  -36.3514 3.1399 -18.6925
v  -36.3502 4.3194 -20.5725
v  -36.9143 4.5937 -20.0318
v  -36.8660 4.8221 -20.2221
v  -27.4422 24.9396 -22.0588
v  -24.2358 23.8442 -24.4919
v  -27.6407 24.8783 -22.5438
v  -32.0773 13.1753 -28.4469
v  -25.7853 14.6969 -2.4697
v  -23.0967 17.2419 -4.0132
v  -24.6578 17.3736 -3.0794
v  -24.8344 23.9532 -13.0971
v  -24.8611 23.1668 -12.0381
v  -23.0004 22.9428 -13.3037
v  -23.9159 24.7137 -14.8702
v  -19.0576 23.1958 -16.1250
v  -26.9896 15.3690 -27.7375
v  -29.1847 12.1145 -29.3783
v  -31.0557 13.2294 -28.8620
v  -27.0539 16.0862 -27.3855
v  -33.4007 16.7000 -27.3715
v  -30.5041 21.2755 -25.6127
v  -28.6656 18.3874 -26.5381
v  -19.6544 15.1619 -6.2406
v  -19.7705 17.1925 -5.9071
v  -20.1637 14.0450 -6.0988
v  -21.1331 20.5485 -10.7634
v  -18.9861 19.9988 -11.2988
v  -30.8466 8.1893 -7.6925
v  -21.8539 23.2563 -24.2934
v  -22.1075 23.1780 -24.9132
v  -26.3876 10.6032 -3.9044
v  -29.1611 10.0638 -5.5306
v  -29.9927 9.1405 -6.5996
v  -27.1722 7.3512 -5.7252
v  -26.8776 9.7402 -4.1937
v  -34.9109 4.6464 -14.3185
v  -35.9992 3.8081 -16.2519
v  -28.9540 23.8934 -24.9159
v  -28.5675 24.4460 -24.5975
v  -27.9088 24.4823 -24.5860
v  -23.5106 23.3511 -25.3148
v  -32.9435 6.0241 -10.6239
v  -30.2615 7.8437 -26.3188
v  -30.1017 8.4695 -26.7613
v  -29.6263 10.8606 -28.8425
v  -26.3503 25.0968 -19.1304
v  -25.6121 25.0601 -16.9443
v  -24.5666 24.8551 -17.5252
v  -27.2968 12.1288 -3.1268
v  -36.9893 4.2744 -19.7871
v  -31.1032 0.9911 -18.8492
v  -30.8676 1.1168 -18.3500
v  -33.5486 1.5915 -19.2495
v  -24.8392 22.5691 -11.1110
v  -24.3825 20.0699 -6.1800
v  -24.4915 17.8627 -3.3054
v  -21.6929 18.2055 -5.1253
v  -24.5671 21.1206 -8.2316
v  -20.0027 23.5047 -19.3027
v  -29.6564 11.5623 -29.1261
v  -29.4786 11.3625 -29.1411
v  -33.5068 14.8671 -28.1937
v  -20.3904 13.5145 -5.9872
v  -30.1625 8.2216 -26.5787
v  -35.6509 9.8266 -23.9425
v  -18.7815 17.4025 -6.9559
v  -18.6708 18.0234 -7.5333
v  -19.6456 18.0025 -6.6429
v  -31.7817 2.5613 -23.0789
v  -25.4283 25.0235 -16.3602
v  -36.6954 5.4342 -20.6137
v  -32.4389 6.3503 -9.6367
v  -27.1119 5.7780 -6.6980
v  -25.4596 4.9062 -8.1973
v  -28.1813 11.0821 -4.1706
v  -24.6510 19.1815 -26.4884
v  -25.1942 18.2647 -26.7335
v  -29.9503 22.2121 -25.3655
v  -19.1641 16.2111 -6.3399
v  -20.4150 23.4746 -20.4507
v  -21.1097 23.4264 -22.3886
v  -31.7296 2.3599 -22.6375
v  -35.2925 4.8889 -22.1126
v  -34.3404 15.2734 -28.0256
v  -34.6661 14.1577 -27.3549
v  -34.4457 15.0950 -28.0722
v  -32.8636 14.0182 -28.4815
v  -29.3369 11.8436 -29.4267
v  -31.6888 0.5882 -19.9594
v  -31.6891 0.5916 -19.9650
v  -24.4281 20.4462 -6.8555
v  -25.8377 14.5886 -2.4646
v  -25.7086 4.5323 -8.3766
v  -25.7921 17.2774 -27.0347
v  -25.2939 18.0961 -26.7781
v  -18.7453 17.1183 -6.4406
v  -27.8633 3.3925 -12.9563
v  -32.7557 6.1275 -10.2303
v  -35.1781 11.7584 -25.3675
v  -34.7432 13.8017 -27.0632
v  -35.6360 9.9254 -24.0420
v  -28.4885 24.5533 -24.5241
v  -28.1648 24.6993 -23.7994
v  -22.2512 23.0957 -25.2095
v  -36.2416 3.6466 -16.7192
v  -18.9546 19.5909 -10.6185
v  -29.4554 11.4589 -29.2134
v  -24.8283 24.8952 -14.4407
v  -32.4537 6.3160 -9.6302
v  -26.5505 16.0403 -27.4388
v  -22.0764 12.4769 -5.3036
v  -22.2026 10.2952 -6.5724
v  -22.5249 22.7939 -25.5644
v  -21.2739 11.8860 -6.1872
v  -35.3140 11.1497 -24.8806
v  -36.9584 3.4372 -18.4880
v  -27.6693 3.5115 -12.5676
v  -24.8154 24.7769 -14.2326
v  -20.6585 12.9834 -5.9945
# 500 vertices

vn -0.7013 -0.4065 0.5856
vn -0.6297 -0.5450 0.5536
vn -0.5314 -0.5291 0.6616
vn -0.0454 0.9288 0.3678
vn 0.2578 0.9521 0.1644
vn 0.1471 0.9890 0.0165
vn -0.8758 -0.4779 0.0676
vn -0.1580 0.9645 0.2114
vn -0.0432 0.9924 -0.1151
vn -0.3862 0.8816 0.2715
vn -0.3130 0.6207 -0.7188
vn -0.0449 0.7010 -0.7117
vn -0.3162 0.1671 -0.9339
vn 0.3983 0.7822 0.4791
vn 0.0298 0.6895 0.7237
vn 0.3997 0.3331 0.8540
vn -0.5640 0.5116 0.6481
vn -0.3431 0.7793 0.5244
vn -0.4398 0.6872 0.5783
vn -0.4711 0.8645 0.1755
vn -0.8450 0.2773 0.4573
vn -0.7001 0.2895 0.6528
vn -0.5647 -0.0390 -0.8244
vn -0.6796 -0.3034 -0.6679
vn -0.7904 -0.2592 -0.5551
vn -0.5419 0.5974 0.5912
vn -0.4851 0.2188 0.8466
vn -0.0665 0.7644 0.6413
vn -0.5946 0.8038 0.0162
vn -0.7376 0.6046 -0.3005
vn -0.9676 0.2403 -0.0782
vn -0.1367 0.9636 -0.2298
vn -0.2345 0.8907 -0.3894
vn -0.0044 0.9290 -0.3700
vn -0.1403 0.8300 -0.5398
vn -0.5784 -0.4180 0.7005
vn -0.6416 -0.4449 0.6248
vn -0.3027 0.7685 0.5638
vn -0.5342 0.6870 0.4927
vn -0.7054 -0.4126 -0.5764
vn -0.7998 -0.4005 -0.4471
vn -0.9669 -0.2420 -0.0814
vn -0.8170 -0.1692 0.5512
vn -0.2704 -0.0412 -0.9619
vn -0.1902 0.7960 0.5746
vn -0.5127 0.6174 0.5967
vn 0.2591 0.7864 0.5607
vn -0.8489 0.1954 -0.4911
vn -0.6343 0.4181 0.6502
vn -0.6393 0.4737 0.6057
vn -0.5458 0.6408 0.5399
vn -0.4601 0.6155 0.6399
vn -0.7069 -0.2058 0.6767
vn -0.5714 -0.4042 0.7142
vn -0.5943 -0.0055 0.8042
vn -0.6261 -0.4746 -0.6187
vn -0.4826 -0.4300 -0.7630
vn -0.0031 0.8350 -0.5503
vn -0.0069 0.9816 -0.1908
vn 0.1224 0.9760 -0.1801
vn 0.0530 0.9984 -0.0208
vn -0.3805 -0.7694 0.5130
vn 0.3204 0.8624 0.3919
vn -0.8787 -0.4772 0.0096
vn -0.7488 -0.2357 0.6195
vn -0.7052 -0.3882 -0.5933
vn -0.6811 -0.3666 -0.6338
vn -0.5491 0.5393 0.6385
vn 0.0886 0.9922 -0.0880
vn 0.0607 0.1837 0.9811
vn -0.3368 0.1625 0.9274
vn -0.5520 -0.7601 0.3428
vn -0.8621 -0.5050 -0.0413
vn -0.7148 -0.6549 -0.2453
vn -0.4389 0.8106 -0.3878
vn -0.6114 0.5355 -0.5827
vn -0.7072 0.1796 0.6838
vn -0.5708 0.5500 0.6097
vn -0.7101 -0.4235 -0.5626
vn -0.8882 -0.4593 -0.0103
vn -0.9047 -0.3986 0.1507
vn -0.0205 0.9885 0.1500
vn -0.0726 0.9603 0.2693
vn -0.4171 -0.3578 0.8355
vn -0.5311 0.5786 0.6190
vn -0.7108 -0.3771 -0.5938
vn -0.4781 -0.4548 0.7514
vn 0.1700 0.9799 -0.1042
vn -0.0397 0.4818 -0.8754
vn -0.5780 -0.4610 0.6734
vn -0.6475 0.1408 -0.7489
vn 0.4671 0.7472 0.4728
vn 0.4134 0.7760 0.4763
vn 0.2342 -0.9678 -0.0924
vn -0.8638 -0.4661 0.1914
vn -0.5107 -0.1267 -0.8504
vn -0.7648 -0.3758 -0.5233
vn 0.2579 -0.1691 0.9513
vn -0.7151 -0.3026 -0.6301
vn -0.6107 -0.4645 -0.6413
vn 0.5811 -0.6127 0.5356
vn 0.7430 -0.4750 0.4714
vn -0.5145 0.7887 0.3365
vn -0.9829 0.0424 -0.1794
vn -0.9773 0.0748 -0.1982
vn -0.2685 0.8520 0.4495
vn -0.2607 0.8408 0.4743
vn 0.2824 -0.9593 -0.0051
vn 0.1803 -0.9380 -0.2960
vn -0.7441 0.0151 0.6679
vn 0.3990 -0.7747 0.4905
vn 0.8467 0.4322 -0.3103
vn 0.8309 0.4394 -0.3415
vn -0.9791 0.0611 -0.1939
vn 0.0968 -0.6068 -0.7890
vn 0.8202 0.4320 -0.3750
vn 0.8141 0.4259 -0.3947
vn 0.8266 -0.3422 0.4467
vn 0.8999 -0.1877 0.3937
vn -0.6240 0.5987 -0.5021
vn -0.6384 0.5710 -0.5161
vn -0.7802 0.0037 0.6255
vn 0.3614 -0.8095 0.4628
vn -0.7815 -0.3505 0.5161
vn -0.7685 -0.3349 0.5452
vn 0.8423 0.4595 -0.2818
vn 0.8470 0.4635 -0.2603
vn 0.0781 -0.6888 -0.7208
vn -0.2595 0.8287 0.4959
vn 0.9315 0.2969 0.2101
vn 0.9152 0.1888 0.3560
vn -0.9856 0.0173 -0.1682
vn 0.8580 0.4539 -0.2405
vn -0.6832 0.1079 0.7222
vn -0.7698 0.0061 0.6382
vn -0.9656 0.1100 -0.2355
vn -0.7926 -0.0342 0.6087
vn 0.3501 -0.8295 0.4352
vn 0.5466 0.0204 -0.8371
vn 0.5398 -0.0977 -0.8361
vn 0.4132 -0.7558 0.5080
vn 0.5446 -0.0394 -0.8377
vn 0.2601 -0.3541 -0.8983
vn 0.2494 -0.6321 -0.7336
vn 0.9480 0.3066 0.0858
vn -0.7900 0.0034 0.6131
vn 0.4057 -0.9116 0.0660
vn 0.0928 -0.6922 -0.7157
vn 0.5874 0.0961 -0.8036
vn 0.6583 0.4183 -0.6258
vn 0.7842 0.4480 -0.4294
vn -0.7979 -0.3036 0.5207
vn 0.4135 -0.9027 0.1186
vn -0.2683 0.7878 0.5544
vn 0.2564 -0.6465 -0.7185
vn 0.4111 -0.4969 0.7642
vn 0.2318 -0.8285 -0.5098
vn 0.9433 0.3296 0.0385
vn -0.9485 -0.0441 -0.3135
vn -0.9346 -0.0256 -0.3549
vn 0.7640 -0.4276 0.4831
vn 0.9581 0.2229 0.1799
vn 0.9455 0.2902 0.1479
vn 0.8827 0.4670 -0.0515
vn 0.2599 0.5182 -0.8148
vn 0.8230 0.4042 -0.3992
vn 0.4376 0.2974 -0.8486
vn -0.0042 0.3616 -0.9323
vn 0.0274 0.5039 -0.8633
vn 0.1993 0.7533 -0.6268
vn 0.2237 0.8711 -0.4373
vn -0.4209 0.8703 -0.2559
vn -0.5432 0.6885 -0.4805
vn 0.5257 -0.0926 -0.8456
vn -0.0737 0.3143 -0.9464
vn -0.6790 0.5354 -0.5023
vn 0.5401 -0.0780 -0.8380
vn 0.5374 -0.0555 -0.8415
vn -0.0929 0.3646 -0.9265
vn 0.5399 -0.0082 -0.8417
vn 0.5585 0.0109 -0.8295
vn 0.0212 0.1361 -0.9905
vn -0.6486 0.5697 -0.5047
vn -0.7891 0.2821 -0.5456
vn -0.3383 -0.1117 -0.9344
vn -0.9375 0.0330 -0.3463
vn 0.2316 -0.5934 -0.7709
vn -0.2354 -0.3977 -0.8868
vn -0.9367 -0.0005 -0.3502
vn 0.2008 -0.6341 -0.7467
vn -0.1455 -0.4621 -0.8748
vn 0.2109 -0.6010 -0.7709
vn 0.2171 -0.5790 -0.7859
vn -0.4543 -0.4557 -0.7655
vn 0.2328 -0.5552 -0.7985
vn -0.4757 -0.4206 -0.7725
vn -0.9348 0.0193 -0.3546
vn -0.4124 -0.7320 -0.5423
vn -0.9541 -0.1717 -0.2454
vn 0.1414 -0.8347 -0.5322
vn -0.2392 -0.9375 -0.2529
vn -0.9568 -0.1889 -0.2212
vn 0.2195 -0.8263 -0.5187
vn -0.3942 -0.9190 -0.0073
vn -0.9744 -0.2061 -0.0895
vn -0.8799 -0.4302 0.2017
vn 0.3929 -0.9144 0.0971
vn -0.0939 -0.9843 0.1498
vn -0.8001 -0.3367 0.4964
vn -0.7849 -0.2975 0.5436
vn -0.1877 -0.9216 0.3398
vn 0.4146 -0.8978 0.1484
vn 0.3940 -0.9104 0.1265
vn -0.3190 -0.8365 0.4455
vn 0.3680 -0.9268 0.0751
vn 0.0335 -0.7957 0.6047
vn 0.3583 -0.9318 0.0578
vn -0.8260 -0.3268 0.4593
vn -0.5265 -0.3261 0.7852
vn 0.4240 -0.5484 0.7207
vn -0.4147 -0.1241 0.9015
vn -0.3725 -0.0863 0.9240
vn 0.7832 -0.5610 0.2680
vn 0.4765 -0.4915 0.7289
vn -0.3394 -0.0515 0.9392
vn 0.8018 -0.5330 0.2703
vn 0.5072 -0.4575 0.7304
vn -0.3152 -0.0138 0.9489
vn -0.2887 0.0346 0.9568
vn 0.5039 -0.2818 0.8165
vn -0.2529 0.1947 0.9477
vn 0.8698 -0.3273 0.3693
vn 0.8492 -0.3562 0.3899
vn 0.5047 -0.2676 0.8208
vn -0.3134 0.2419 0.9183
vn 0.6123 0.3987 0.6827
vn -0.1598 0.5081 0.8463
vn 0.9315 0.3073 0.1945
vn 0.7569 0.5679 0.3234
vn -0.1788 0.7519 0.6345
vn 0.9363 0.3287 0.1240
vn 0.5446 0.7459 0.3835
vn -0.3357 0.8049 0.4894
vn 0.9365 0.3171 0.1500
vn 0.9380 0.2964 0.1799
vn 0.7036 0.6711 0.2334
vn -0.2400 0.8879 0.3924
vn 0.5844 0.8114 -0.0020
vn -0.3115 0.9238 0.2224
vn -0.3419 0.9213 0.1852
vn 0.3250 0.9428 -0.0747
vn -0.3628 0.9218 0.1362
vn 0.8600 0.3986 -0.3186
vn 0.3251 0.9313 -0.1644
vn -0.3759 0.9230 0.0820
vn -0.3871 0.9201 0.0593
vn -0.4003 0.9163 -0.0105
vn 0.7080 0.7045 -0.0497
vn 0.4610 0.8696 -0.1769
vn 0.4835 0.7176 -0.5013
vn 0.7512 0.6538 -0.0904
vn 0.9404 0.1997 -0.2751
vn 0.8735 0.4866 0.0150
vn 0.9808 0.1761 0.0843
vn 0.9236 0.3745 0.0819
vn 0.9714 0.2056 0.1192
vn 0.9828 0.1619 0.0887
vn 0.9824 -0.1206 0.1424
vn 0.9718 -0.1326 0.1952
vn 0.9752 -0.1720 0.1392
vn 0.8818 -0.4093 0.2343
vn 0.7374 -0.6714 0.0741
vn 0.6532 -0.7521 0.0870
vn 0.8476 -0.5275 -0.0585
vn 0.9977 -0.0347 -0.0584
vn 0.9599 0.1533 -0.2346
vn 0.8902 0.1280 -0.4373
vn 0.7529 0.2823 -0.5945
vn 0.4829 0.2747 -0.8315
vn 0.3246 0.1954 -0.9255
vn -0.0231 0.1218 -0.9923
vn 0.4555 -0.1142 -0.8829
vn 0.7309 0.3532 -0.5839
vn 0.7309 -0.3772 -0.5688
vn 0.0609 -0.3553 -0.9328
vn 0.1356 -0.5252 -0.8401
vn 0.2948 -0.7865 -0.5426
vn 0.2467 -0.4451 -0.8608
vn 0.1679 -0.5144 -0.8410
vn 0.2781 -0.2730 -0.9209
vn 0.2354 -0.0881 -0.9679
vn 0.0927 -0.3381 -0.9365
vn 0.1152 -0.1192 -0.9862
vn 0.0775 0.1616 -0.9838
vn 0.1226 0.1909 -0.9739
vn -0.0946 -0.2376 -0.9668
vn 0.1873 -0.4008 -0.8968
vn -0.0247 -0.5314 -0.8468
vn 0.2552 -0.7606 -0.5969
vn -0.2435 -0.6648 -0.7062
vn -0.0515 -0.8582 -0.5108
vn 0.1419 -0.9799 -0.1403
vn -0.1198 -0.9871 -0.1063
vn 0.1353 -0.9902 -0.0341
vn 0.2872 -0.9519 -0.1063
vn 0.0109 -0.9925 0.1217
vn 0.0806 -0.8992 0.4301
vn 0.4043 -0.8360 0.3710
vn 0.4036 -0.6083 0.6835
vn 0.6304 -0.7140 0.3045
vn 0.3521 -0.9347 -0.0475
vn 0.6925 -0.7133 0.1083
vn 0.3637 -0.9283 -0.0772
vn 0.3747 -0.9175 -0.1337
vn 0.3124 -0.9249 -0.2167
vn 0.2897 -0.7412 -0.6055
vn 0.7050 -0.6307 -0.3242
vn 0.2478 -0.6746 -0.6954
vn 0.8604 -0.4330 0.2689
vn 0.8027 -0.3839 0.4564
vn 0.6109 -0.5110 0.6048
vn 0.6484 -0.4839 0.5878
vn 0.8421 -0.1721 0.5111
vn 0.8116 -0.0166 0.5840
vn 0.9793 0.1754 0.1013
vn 0.9086 0.3928 0.1422
vn 0.9663 0.2571 0.0123
vn 0.9506 0.2777 0.1389
vn 0.9822 -0.0638 0.1765
vn -0.4936 0.0619 0.8675
vn 0.1495 -0.3930 0.9073
vn 0.3939 -0.2052 0.8959
vn -0.4627 0.1295 0.8770
vn 0.0919 -0.6523 -0.7524
vn -0.5957 -0.3889 -0.7027
vn -0.6095 -0.3129 -0.7284
vn 0.0843 -0.6155 -0.7836
vn 0.9596 0.2725 0.0693
vn 0.9438 0.3283 0.0378
vn 0.4167 0.8148 0.4031
vn -0.7830 -0.2767 0.5571
vn -0.2518 -0.8627 0.4386
vn -0.3298 -0.9001 0.2848
vn 0.4140 -0.8990 0.1432
vn 0.7618 -0.5838 0.2809
vn -0.3659 -0.0695 0.9280
vn 0.2036 -0.5306 0.8228
vn -0.5221 -0.4048 -0.7507
vn -0.4741 -0.4128 -0.7777
vn -0.8335 -0.3692 0.4111
vn -0.9332 -0.3545 0.0595
vn -0.3984 -0.9167 -0.0297
vn -0.9339 0.0716 -0.3502
vn 0.2436 -0.5609 -0.7912
vn -0.4911 -0.4542 -0.7433
vn 0.7884 -0.5497 0.2762
vn 0.4469 -0.4518 0.7721
vn 0.4016 -0.7700 0.4958
vn -0.7472 -0.0000 0.6646
vn -0.2177 -0.4536 0.8642
vn -0.4102 0.9033 0.1256
vn 0.2615 0.9626 -0.0710
vn 0.2346 0.9581 -0.1644
vn -0.4110 0.9059 0.1022
vn -0.8341 -0.3219 0.4479
vn 0.3674 -0.9289 0.0474
vn -0.4175 -0.6896 0.5918
vn -0.3150 -0.8741 0.3698
vn -0.7790 0.0048 0.6271
vn 0.3659 -0.8005 0.4747
vn -0.3889 -0.6832 0.6181
vn -0.9743 -0.2067 -0.0899
vn -0.4994 -0.8064 -0.3169
vn -0.5344 -0.5959 -0.5994
vn 0.1958 -0.7839 -0.5892
vn 0.9011 0.3862 -0.1970
vn 0.8816 0.4028 -0.2460
vn 0.3494 0.8983 0.2666
vn -0.3339 0.8025 0.4945
vn -0.3167 0.7799 0.5398
vn 0.3671 0.7991 0.4761
vn -0.4994 -0.7491 -0.4353
vn -0.6373 -0.5228 -0.5662
vn 0.0976 -0.6321 -0.7687
vn -0.9703 0.0749 -0.2299
vn -0.4289 0.9005 0.0712
vn 0.1953 0.9362 -0.2922
vn -0.4351 0.8984 0.0595
vn -0.4389 -0.4076 -0.8007
vn -0.2782 0.2844 0.9174
vn 0.5205 0.0785 0.8503
vn -0.2318 0.3730 0.8984
vn -0.2739 0.7763 0.5678
vn 0.9553 0.2473 0.1622
vn 0.3935 0.7460 0.5372
vn 0.3334 0.9016 0.2755
vn 0.9218 0.3807 0.0730
vn -0.6243 0.6394 -0.4487
vn 0.5163 -0.0371 -0.8556
vn -0.1759 0.1386 -0.9746
vn -0.0167 0.3865 -0.9221
vn 0.5794 -0.0178 -0.8148
vn 0.5465 -0.0775 -0.8338
vn 0.0008 0.3257 -0.9455
vn -0.2914 0.2456 0.9245
vn 0.5288 0.2251 0.8183
vn -0.2583 0.2767 0.9256
vn 0.3603 0.8381 0.4095
vn 0.9382 0.3183 0.1358
vn 0.3482 -0.8176 0.4586
vn 0.8371 0.3922 -0.3814
vn 0.8087 0.3970 -0.4341
vn 0.3176 -0.4173 0.8515
vn 0.3348 -0.8337 0.4392
vn 0.3433 -0.8253 0.4484
vn -0.2969 -0.4927 0.8180
vn -0.0755 -0.4916 0.8675
vn 0.4412 -0.8884 0.1266
vn -0.7744 -0.3134 0.5497
vn -0.6380 0.5870 -0.4984
vn -0.6123 0.6803 -0.4029
vn 0.0745 0.8102 -0.5814
vn 0.0913 0.6744 -0.7327
vn 0.4101 -0.9093 0.0709
vn -0.9462 0.0514 -0.3194
vn -0.9591 -0.0207 -0.2823
vn 0.2098 -0.6204 -0.7557
vn -0.4102 0.9021 0.1339
vn -0.4169 0.8923 0.1733
vn 0.2155 0.9757 -0.0392
vn -0.6681 -0.0029 0.7441
vn -0.9667 -0.1781 -0.1840
vn -0.8040 -0.3356 0.4908
vn 0.3969 -0.9130 0.0942
vn -0.4894 -0.8718 -0.0189
vn 0.9553 0.2657 0.1293
vn -0.2948 0.8081 0.5100
vn -0.2015 0.5813 0.7884
vn 0.4484 0.5831 0.6774
vn -0.2949 0.8519 0.4327
vn 0.8659 0.4142 -0.2806
vn -0.4818 -0.3232 -0.8145
vn -0.9335 0.0254 -0.3578
vn -0.0156 0.3474 -0.9376
vn 0.8597 -0.3500 0.3720
vn -0.9540 0.0289 -0.2984
vn 0.0854 -0.6925 -0.7164
vn -0.1869 0.7369 0.6497
vn 0.9396 0.2942 0.1751
vn 0.4908 0.6809 0.5435
vn 0.1148 -0.7922 -0.5994
vn -0.4156 0.8898 0.1885
vn 0.1013 -0.5823 -0.8066
vn 0.4706 -0.3917 0.7906
vn -0.0869 -0.6954 0.7133
vn 0.7434 -0.6091 0.2763
vn -0.7756 -0.0343 0.6302
vn -0.6789 0.5358 -0.5020
vn 0.5400 -0.0977 -0.8360
vn -0.6789 0.5355 -0.5023
vn 0.8491 -0.3560 0.3903
vn -0.3820 0.9172 0.1133
vn 0.8518 0.4027 -0.3351
vn -0.9578 -0.2069 -0.1995
vn -0.6228 -0.3593 -0.6950
vn -0.6440 0.5779 -0.5013
vn -0.9497 -0.0365 -0.3110
vn -0.7835 0.2295 -0.5775
vn -0.3181 -0.1310 -0.9389
vn 0.2717 -0.3236 -0.9063
vn 0.1634 -0.9712 -0.1736
vn 0.2178 -0.8281 -0.5165
vn -0.2909 0.8394 0.4590
vn -0.3924 0.1830 0.9014
vn 0.4481 -0.8612 0.2399
vn -0.6694 0.5608 -0.4873
vn -0.6727 0.5435 -0.5020
vn 0.8980 0.1787 0.4020
vn -0.7965 -0.3051 0.5220
vn -0.8037 -0.3383 0.4895
vn 0.2573 -0.6458 -0.7188
vn -0.9521 -0.0455 -0.3023
vn -0.9365 -0.0251 -0.3497
vn -0.4854 0.8261 -0.2863
vn -0.4417 0.8959 0.0478
vn 0.7395 0.3483 -0.5760
vn 0.4095 -0.9067 0.1014
vn -0.3215 0.8216 0.4708
vn 0.2217 -0.5720 -0.7897
vn -0.2880 0.8911 0.3507
vn -0.6910 -0.2248 0.6870
vn -0.6603 0.5873 -0.4681
vn 0.4817 -0.3665 0.7960
vn -0.3332 -0.0301 0.9424
vn 0.5720 0.0972 -0.8145
vn 0.8064 -0.5219 0.2781
vn 0.2651 -0.6205 -0.7380
vn -0.9666 -0.2362 -0.0991
vn -0.8144 -0.3075 0.4922
vn -0.2775 0.7976 0.5356
vn 0.8280 -0.4497 0.3349
# 501 vertex normals

vt 0.1543 0.4920 -0.0338
vt 0.1178 0.5332 -0.0338
vt 0.0858 0.5000 -0.0338
vt 0.1310 0.3289 -0.0338
vt 0.1240 0.2917 -0.0338
vt 0.1482 0.2955 -0.0338
vt 0.0444 0.7558 0.0000
vt 0.0249 0.8019 0.0000
vt 0.0242 0.7466 0.0000
vt 0.1369 0.5873 0.0000
vt 0.1463 0.6165 0.0000
vt 0.1177 0.6104 0.0000
vt 0.1333 0.6711 0.0000
vt 0.1726 0.6603 0.0000
vt 0.1450 0.7071 0.0000
vt 0.0702 0.3265 -0.0338
vt 0.0730 0.3744 -0.0338
vt 0.0459 0.3733 -0.0338
vt 0.1771 0.3601 -0.0338
vt 0.1622 0.3362 -0.0338
vt 0.1870 0.3474 -0.0338
vt 0.0996 0.6388 0.0000
vt 0.0652 0.6809 0.0000
vt 0.0298 0.6703 0.0000
vt 0.1364 0.7020 0.0000
vt 0.1381 0.7129 0.0000
vt 0.0834 0.6776 0.0000
vt 0.0981 0.3923 -0.0338
vt 0.0812 0.3855 -0.0338
vt 0.0900 0.3600 -0.0338
vt 0.1005 0.6491 0.0000
vt 0.1003 0.6597 0.0000
vt 0.0798 0.6778 0.0000
vt 0.1446 0.6387 0.0000
vt 0.1355 0.6635 0.0000
vt 0.1748 0.6523 0.0000
vt 0.1601 0.6603 0.0000
vt 0.0985 0.4694 -0.0338
vt 0.1242 0.4634 -0.0338
vt 0.0961 0.3553 -0.0338
vt 0.1418 0.3853 -0.0338
vt 0.0902 0.7142 0.0000
vt 0.0508 0.6986 0.0000
vt 0.0671 0.6879 0.0000
vt 0.0388 0.6804 0.0000
vt 0.1698 0.7398 0.0000
vt 0.1252 0.3336 -0.0338
vt 0.1423 0.3655 -0.0338
vt 0.1000 0.3418 -0.0338
vt 0.0922 0.6751 0.0000
vt 0.1440 0.4169 -0.0338
vt 0.1191 0.4026 -0.0338
vt 0.1528 0.3914 -0.0338
vt 0.1980 0.4135 -0.0338
vt 0.1898 0.4304 -0.0338
vt 0.1376 0.4208 -0.0338
vt 0.1050 0.4184 -0.0338
vt 0.0981 0.3994 -0.0338
vt 0.1450 0.7509 0.0000
vt 0.1577 0.7370 0.0000
vt 0.1977 0.6525 0.0000
vt 0.1605 0.6310 0.0000
vt 0.2161 0.6258 0.0000
vt 0.1566 0.5881 0.0000
vt 0.1077 0.5370 -0.0338
vt 0.1218 0.3237 -0.0338
vt 0.0452 0.7405 0.0000
vt 0.0219 0.6824 0.0000
vt 0.0516 0.7356 0.0000
vt 0.0812 0.7654 0.0000
vt 0.1736 0.3818 -0.0338
vt 0.1763 0.6025 0.0000
vt 0.0559 0.3795 -0.0338
vt 0.0725 0.3816 -0.0338
vt 0.0404 0.8114 0.0000
vt 0.0456 0.7922 0.0000
vt 0.0487 0.8112 0.0000
vt 0.1162 0.6605 0.0000
vt 0.1269 0.6751 0.0000
vt 0.1815 0.4348 -0.0338
vt 0.1503 0.4209 -0.0338
vt 0.2407 0.3748 -0.0338
vt 0.2152 0.3881 -0.0338
vt 0.2133 0.3547 -0.0338
vt 0.1077 0.7589 0.0000
vt 0.0459 0.7245 0.0000
vt 0.0461 0.7063 0.0000
vt 0.1602 0.3268 -0.0338
vt 0.1452 0.3284 -0.0338
vt 0.0716 0.4977 -0.0338
vt 0.1545 0.3786 -0.0338
vt 0.0505 0.7503 0.0000
vt 0.1865 0.3388 -0.0338
vt 0.0667 0.4551 -0.0338
vt 0.1549 0.5672 0.0000
vt 0.1854 0.5702 0.0000
vt 0.2199 0.6103 0.0000
vt 0.1960 0.6631 0.0000
vt 0.1015 0.4550 -0.0338
vt 0.1264 0.6843 0.0000
vt 0.0924 0.2897 -0.0338
vt 0.1112 0.2756 -0.0338
vt 0.0449 0.3925 -0.0338
vt 0.0441 0.7736 0.0000
vt 0.1529 0.7268 0.0000
vt 0.0498 0.7659 0.0000
vt 0.0224 0.8137 0.0000
vt 0.0446 0.3830 -0.0338
vt 0.0872 0.7836 0.0000
vt 0.1339 0.7723 0.0000
vt 0.0245 0.4090 -0.0338
vt 0.0200 0.3886 -0.0338
vt 0.0368 0.3906 -0.0338
vt 0.1185 0.7917 0.0000
vt 0.1010 0.8011 0.0000
vt 0.0688 0.3017 -0.0338
vt 0.0737 0.2962 -0.0338
vt 0.0445 0.8258 0.0000
vt 0.0495 0.8253 -0.1479
vt 0.0289 0.4193 -0.0338
vt 0.0292 0.4204 -0.0338
vt 0.2272 0.6056 0.0000
vt 0.2271 0.6115 0.0000
vt 0.0682 0.8188 0.0000
vt 0.0710 0.8173 0.0000
vt 0.2270 0.6233 0.0000
vt 0.2269 0.6281 0.0000
vt 0.0204 0.3868 -0.0338
vt 0.0292 0.3580 -0.0338
vt 0.1885 0.7318 0.0000
vt 0.2122 0.6886 0.0000
vt 0.0513 0.4710 -0.0338
vt 0.0560 0.4813 -0.0338
vt 0.0678 0.5033 -0.0338
vt 0.0891 0.5338 0.0338
vt 0.2273 0.5973 0.0000
vt 0.2276 0.5785 0.1479
vt 0.0648 0.8208 0.0000
vt 0.0822 0.2882 -0.0338
vt 0.0488 0.3258 -0.0338
vt 0.0309 0.3533 -0.0338
vt 0.1216 0.7904 0.0000
vt 0.1257 0.2534 -0.0338
vt 0.1304 0.2504 0.0338
vt 0.0627 0.4947 -0.0338
vt 0.0611 0.4915 -0.0338
vt 0.0773 0.8141 0.0000
vt 0.0396 0.4451 -0.0338
vt 0.0326 0.4300 -0.0338
vt 0.2238 0.6608 0.0000
vt 0.2173 0.6781 0.0000
vt 0.0282 0.4171 -0.0338
vt 0.1790 0.7466 0.0000
vt 0.1761 0.7500 0.0000
vt 0.1671 0.7586 0.0000
vt 0.0529 0.3203 -0.0338
vt 0.0453 0.4579 -0.0338
vt 0.0658 0.5001 -0.0338
vt 0.1252 0.7891 0.0000
vt 0.2256 0.6527 0.0000
vt 0.2257 0.6487 0.0000
vt 0.2263 0.6401 0.0000
vt 0.0342 0.8260 0.0000
vt 0.0298 0.8260 0.0000
vt 0.0896 0.2813 -0.0338
vt 0.1628 0.7627 0.0000
vt 0.0627 0.4950 -0.0338
vt 0.0523 0.8248 0.0000
vt 0.0619 0.3093 -0.0338
vt 0.1440 0.7772 0.0000
vt 0.1370 0.7815 0.0000
vt 0.0202 0.3877 -0.0338
vt 0.0987 0.2733 -0.0338
vt 0.1085 0.2648 -0.0338
vt 0.1102 0.2635 -0.0338
vt 0.0106 0.8273 0.0000
vt 0.5001 0.4421 0.0284
vt 0.4963 0.4410 0.0284
vt 0.4949 0.4396 0.0284
vt 0.4873 0.4309 0.0284
vt 0.4863 0.4280 0.0284
vt 0.4855 0.4259 0.0284
vt 0.4843 0.4204 0.0284
vt 0.4778 0.3972 0.0284
vt 0.4717 0.3811 0.0284
vt 0.4703 0.3777 0.0284
vt 0.4683 0.3735 0.0284
vt 0.4655 0.3616 0.0284
vt 0.4635 0.3555 0.0284
vt 0.4564 0.3351 0.0284
vt 0.4552 0.3315 0.0284
vt 0.4524 0.3222 -0.0284
vt 0.4534 0.3209 0.0284
vt 0.4636 0.3103 0.0284
vt 0.4936 0.2756 0.0284
vt 0.4989 0.2683 0.0284
vt 0.5083 0.2551 0.0284
vt 0.5128 0.2512 0.0284
vt 0.5137 0.2504 0.0284
vt 0.5202 0.2507 0.0284
vt 0.5312 0.2517 0.0284
vt 0.5354 0.2521 0.0284
vt 0.5467 0.2537 0.0284
vt 0.5523 0.2549 0.0284
vt 0.5602 0.2567 0.0284
vt 0.5782 0.2614 0.0284
vt 0.5829 0.2629 0.0284
vt 0.5983 0.2678 0.0284
vt 0.6010 0.2691 0.0284
vt 0.6075 0.2783 0.0284
vt 0.6135 0.2870 0.0284
vt 0.6191 0.2939 0.0284
vt 0.6262 0.3014 0.0284
vt 0.6309 0.3061 0.0284
vt 0.6379 0.3120 0.0284
vt 0.6469 0.3204 0.0284
vt 0.6512 0.3250 0.0284
vt 0.6673 0.3493 0.0284
vt 0.6675 0.3538 0.0284
vt 0.6633 0.3774 0.0284
vt 0.6631 0.3784 -0.0284
vt 0.6628 0.3793 0.0284
vt 0.6547 0.3926 0.0284
vt 0.6492 0.3972 0.0284
vt 0.6471 0.3984 0.0284
vt 0.6459 0.3992 0.0284
vt 0.6367 0.4039 0.0284
vt 0.6220 0.4095 0.0284
vt 0.6100 0.4150 0.0284
vt 0.5977 0.4207 0.0284
vt 0.5881 0.4257 0.0284
vt 0.5783 0.4305 0.0284
vt 0.5754 0.4322 0.0284
vt 0.5753 0.4325 0.0284
vt 0.5697 0.4328 0.0284
vt 0.5661 0.4330 0.0284
vt 0.5309 0.4370 0.0284
vt 0.5134 0.4404 0.0284
vt 0.5093 0.4409 0.0284
vt 0.2718 0.0799 0.0058
vt 0.2851 0.0926 0.0058
vt 0.2609 0.0985 0.0058
vt 0.2367 0.1053 0.0058
vt 0.2571 0.0375 0.0058
vt 0.2698 0.0581 0.0058
vt 0.2661 0.0372 0.0058
vt 0.2602 0.0289 0.0058
vt 0.2555 0.0298 0.0058
vt 0.2197 0.0383 0.0058
vt 0.2108 0.0431 0.0058
vt 0.2107 0.0404 0.0058
vt 0.2090 0.0408 0.0058
vt 0.2008 0.0428 0.0058
vt 0.2014 0.0630 0.0058
vt 0.1882 0.0459 0.0058
vt 0.1811 0.0476 0.0058
vt 0.1543 0.0821 0.0058
vt 0.1457 0.0581 0.0058
vt 0.1433 0.0592 0.0058
vt 0.1469 0.0754 0.0058
vt 0.1397 0.0608 0.0058
vt 0.1388 0.0612 0.0058
vt 0.1403 0.1030 0.0058
vt 0.1346 0.0634 0.0058
vt 0.1105 0.0761 0.0058
vt 0.1338 0.1125 0.0058
vt 0.1083 0.0773 0.0058
vt 0.1052 0.0794 0.0058
vt 0.1182 0.1190 0.0058
vt 0.1000 0.0830 0.0058
vt 0.0974 0.1154 0.0058
vt 0.0719 0.1043 0.0058
vt 0.0745 0.1313 0.0058
vt 0.0624 0.1148 0.0058
vt 0.0597 0.1178 0.0058
vt 0.0695 0.1371 0.0058
vt 0.0574 0.1206 0.0058
vt 0.0504 0.1297 0.0058
vt 0.0445 0.1397 0.0058
vt 0.0442 0.1395 0.0058
vt 0.0398 0.1490 0.0058
vt 0.0561 0.1691 0.0058
vt 0.0381 0.1533 0.0058
vt 0.0361 0.1581 0.0058
vt 0.0563 0.1819 0.0058
vt 0.0261 0.1860 0.0058
vt 0.0200 0.2042 0.0058
vt 0.0226 0.2059 0.0681
vt 0.2880 0.5134 0.0000
vt 0.2844 0.5147 -0.0421
vt 0.2842 0.5115 0.0000
vt 0.3117 0.4875 0.0000
vt 0.3059 0.5072 0.0000
vt 0.3173 0.5032 0.0000
vt 0.3256 0.5002 0.0000
vt 0.3189 0.4847 0.0000
vt 0.3292 0.4982 0.0000
vt 0.3357 0.4946 0.0000
vt 0.3565 0.4816 0.0000
vt 0.3526 0.4698 0.0000
vt 0.3623 0.4778 0.0000
vt 0.3763 0.4676 0.0000
vt 0.3650 0.4387 0.0000
vt 0.3892 0.4571 0.0000
vt 0.3973 0.4493 0.0000
vt 0.3960 0.4380 0.0000
vt 0.4009 0.4454 0.0000
vt 0.4042 0.4413 0.0000
vt 0.4112 0.4324 0.0000
vt 0.3948 0.4218 0.0000
vt 0.4173 0.4236 0.0000
vt 0.4047 0.4000 0.0000
vt 0.4223 0.4160 0.0000
vt 0.4244 0.4111 0.0000
vt 0.4046 0.3796 0.0000
vt 0.4262 0.4044 0.0000
vt 0.4338 0.3753 0.0000
vt 0.4099 0.3646 0.0000
vt 0.4347 0.3687 0.0000
vt 0.4354 0.3631 0.0000
vt 0.4377 0.3408 0.0000
vt 0.4114 0.3243 0.0000
vt 0.4369 0.3182 0.0000
vt 0.4078 0.3090 0.0000
vt 0.4368 0.3136 0.0000
vt 0.4362 0.3019 0.0000
vt 0.4267 0.2911 0.0000
vt 0.4355 0.2894 0.0421
vt 0.3045 0.0216 0.0058
vt 0.3151 0.0200 0.0058
vt 0.3178 0.0288 0.0058
vt 0.2982 0.0432 0.0058
vt 0.2865 0.0244 0.0058
vt 0.2688 0.0274 0.0058
vt 0.2631 0.0285 0.0058
vt 0.3184 0.0644 0.0058
vt 0.3009 0.0670 0.0058
vt 0.2803 0.0807 0.0058
vt 0.2970 0.0800 0.0058
vt 0.2976 0.1224 -0.0681
vt 0.3067 0.0782 0.0058
vt 0.3332 0.2996 0.0000
vt 0.3332 0.2833 0.0000
vt 0.3777 0.2812 0.0000
vt 0.3970 0.3068 0.0000
vt 0.3542 0.3333 0.0000
vt 0.3348 0.3456 0.0000
vt 0.2782 0.3447 0.0000
vt 0.2967 0.3556 0.0000
vt 0.3258 0.3752 0.0000
vt 0.3051 0.3862 0.0000
vt 0.2670 0.3546 0.0000
vt 0.2671 0.3694 0.0000
vt 0.2620 0.3376 0.0000
vt 0.2632 0.3297 0.0000
vt 0.3190 0.2927 0.0000
vt 0.2718 0.2978 0.0000
vt 0.3008 0.2785 0.0000
vt 0.3339 0.2504 0.0000
vt 0.3134 0.2541 0.0000
vt 0.2952 0.2543 0.0000
vt 0.2458 0.1120 0.0058
vt 0.2312 0.1219 0.0058
vt 0.2071 0.1058 0.0058
vt 0.2169 0.1655 0.0058
vt 0.2660 0.2908 0.0000
vt 0.2814 0.2806 0.0000
vt 0.2565 0.3162 0.0000
vt 0.2033 0.1892 0.0058
vt 0.1938 0.1464 0.0058
vt 0.1685 0.1448 0.0058
vt 0.1654 0.1809 0.0058
vt 0.1506 0.1381 0.0058
vt 0.1677 0.1305 0.0058
vt 0.1587 0.1161 0.0058
vt 0.1656 0.1146 0.0058
vt 0.1753 0.1303 0.0058
vt 0.1854 0.1098 0.0058
vt 0.1808 0.0921 0.0058
vt 0.1678 0.0867 0.0058
vt 0.1473 0.0932 0.0058
vt 0.1404 0.1111 0.0058
vt 0.1260 0.1234 0.0058
vt 0.1310 0.1565 0.0058
vt 0.1059 0.1355 0.0058
vt 0.1014 0.1408 0.0058
vt 0.0880 0.1570 0.0058
vt 0.0546 0.1414 0.0058
vt 0.0661 0.1827 0.0058
vt 0.1045 0.1756 0.0058
vt 0.0619 0.1881 0.0058
vt 0.0581 0.2312 0.0058
vt 0.0677 0.2357 0.0058
vt 0.2843 0.4674 0.0000
vt 0.2853 0.4569 0.0000
vt 0.2915 0.4651 0.0000
vt 0.2915 0.4156 0.0000
vt 0.2764 0.4002 0.0000
vt 0.2735 0.3876 0.0000
vt 0.1431 0.2304 0.0058
vt 0.1308 0.2336 0.0058
vt 0.1474 0.2249 0.0058
vt 0.1594 0.2212 0.0058
vt 0.1550 0.2002 0.0058
vt 0.1345 0.1639 0.0058
vt 0.1541 0.1733 0.0058
vt 0.1900 0.2072 0.0058
vt 0.1967 0.1947 0.0058
vt 0.1427 0.1652 0.0058
vt 0.3142 0.4066 0.0000
vt 0.3436 0.3969 0.0000
vt 0.3340 0.4037 0.0000
vt 0.3119 0.4129 0.0000
vt 0.3680 0.3976 0.0000
vt 0.3952 0.3994 0.0000
vt 0.3755 0.3798 0.0000
vt 0.4024 0.3597 0.0000
vt 0.3619 0.3557 0.0000
vt 0.4052 0.3362 0.0000
vt 0.3462 0.3911 0.0000
vt 0.2554 0.3250 0.0000
vt 0.3922 0.2902 0.0000
vt 0.7286 0.1851 0.0361
vt 0.7276 0.1874 0.0361
vt 0.7244 0.1892 0.0361
vt 0.7235 0.1896 0.0361
vt 0.7192 0.1918 0.0361
vt 0.6943 0.1989 0.0361
vt 0.6916 0.2004 0.0361
vt 0.6881 0.2019 0.0361
vt 0.6826 0.2046 0.0361
vt 0.6540 0.2199 0.0361
vt 0.6419 0.2247 0.0361
vt 0.6380 0.2238 0.0361
vt 0.6356 0.2244 0.0361
vt 0.6276 0.2240 0.0361
vt 0.6193 0.2236 0.0361
vt 0.6192 0.2236 -0.0361
vt 0.6152 0.2170 0.0361
vt 0.6132 0.2144 0.0361
vt 0.6112 0.2112 0.0361
vt 0.6012 0.1927 0.0361
vt 0.5945 0.1807 0.0361
vt 0.5910 0.1755 0.0361
vt 0.5827 0.1642 0.0361
vt 0.5599 0.1356 0.0361
vt 0.5551 0.1287 0.0361
vt 0.5557 0.1249 0.0361
vt 0.5571 0.1180 0.0361
vt 0.5633 0.0958 0.0361
vt 0.5650 0.0896 0.0361
vt 0.5702 0.0746 0.0361
vt 0.5751 0.0603 0.0361
vt 0.5790 0.0508 0.0361
vt 0.5817 0.0463 0.0361
vt 0.5849 0.0428 0.0361
vt 0.5911 0.0350 0.0361
vt 0.5967 0.0275 0.0361
vt 0.6016 0.0210 0.0361
vt 0.6063 0.0216 0.0361
vt 0.6130 0.0200 0.0361
vt 0.6407 0.0248 0.0361
vt 0.6471 0.0254 0.0361
vt 0.6525 0.0260 0.0361
vt 0.6732 0.0273 0.0361
vt 0.6938 0.0271 -0.0361
vt 0.6976 0.0292 0.0361
vt 0.7067 0.0353 0.0361
vt 0.7161 0.0421 0.0361
vt 0.7235 0.0486 0.0361
vt 0.7359 0.0594 0.0361
vt 0.7475 0.0709 0.0361
vt 0.7512 0.0748 0.0361
vt 0.7528 0.0770 0.0361
vt 0.7537 0.0812 0.0361
vt 0.7431 0.1139 0.0361
vt 0.7405 0.1222 0.0361
vt 0.7397 0.1247 0.0361
vt 0.7375 0.1324 0.0361
vt 0.7343 0.1442 0.0361
vt 0.7331 0.1510 0.0361
vt 0.3567 0.2613 0.0000
vt 0.5253 0.8473 0.0620
vt 0.5225 0.8487 0.0620
vt 0.5263 0.8317 0.0620
vt 0.5284 0.8321 0.0620
vt 0.2703 0.7430 -0.0110
vt 0.2711 0.7423 -0.0110
vt 0.2775 0.7609 -0.0110
vt 0.2678 0.7613 -0.0110
vt 0.5412 0.7385 0.0620
vt 0.5402 0.7451 0.0620
vt 0.5322 0.7344 0.0620
vt 0.3029 0.8711 -0.0110
vt 0.2760 0.8794 -0.0110
vt 0.2835 0.8230 -0.0110
vt 0.3076 0.8422 -0.0110
vt 0.4638 0.8851 0.0620
vt 0.4686 0.8623 0.0620
vt 0.4944 0.8758 0.0620
vt 0.3100 0.7365 -0.0110
vt 0.2880 0.7373 -0.0110
vt 0.2606 0.8171 -0.0110
vt 0.2613 0.8128 -0.0110
vt 0.2749 0.8172 -0.0110
vt 0.3198 0.7467 -0.0110
vt 0.3165 0.7787 -0.0110
vt 0.2976 0.7854 -0.0110
vt 0.4701 0.8560 0.0620
vt 0.4902 0.8549 0.0620
vt 0.5234 0.8567 0.0620
vt 0.5232 0.8579 0.0620
vt 0.5196 0.8571 0.0620
vt 0.2969 0.5559 -0.0110
vt 0.3312 0.5384 -0.0110
vt 0.3277 0.5693 -0.0110
vt 0.2963 0.5616 -0.0110
vt 0.4571 0.9162 0.0620
vt 0.4596 0.9047 0.0620
vt 0.4926 0.9123 0.0620
vt 0.4662 0.9264 0.0620
vt 0.5093 0.9209 0.0620
vt 0.5062 0.9317 0.0620
vt 0.5025 0.9309 0.0620
vt 0.3126 0.8100 -0.0110
vt 0.2846 0.8139 -0.0110
vt 0.2886 0.7886 -0.0110
vt 0.3140 0.7991 -0.0110
vt 0.4977 0.6819 0.0620
vt 0.5000 0.6711 0.0620
vt 0.5072 0.6859 0.0620
vt 0.4917 0.7273 0.0620
vt 0.4944 0.7067 0.0620
vt 0.5181 0.7260 0.0620
vt 0.2673 0.8117 -0.0110
vt 0.2707 0.7942 -0.0110
vt 0.2642 0.7951 -0.0110
vt 0.2645 0.7928 -0.0110
vt 0.2950 0.5728 -0.0110
vt 0.3256 0.5858 -0.0110
vt 0.2944 0.5770 -0.0110
vt 0.2994 0.6968 -0.0110
vt 0.5288 0.8303 0.0620
vt 0.5191 0.7996 0.0620
vt 0.5320 0.8067 0.0620
vt 0.5450 0.7087 0.0620
vt 0.5437 0.7193 0.0620
vt 0.5280 0.7100 0.0620
vt 0.5387 0.6925 0.0620
vt 0.4969 0.6862 0.0620
vt 0.3315 0.6634 -0.0110
vt 0.3256 0.6969 -0.0110
vt 0.3077 0.6934 -0.0110
vt 0.3287 0.6576 -0.0110
vt 0.2794 0.6714 -0.0110
vt 0.2872 0.6263 -0.0110
vt 0.3096 0.6438 -0.0110
vt 0.4821 0.7960 0.0620
vt 0.4929 0.7830 0.0620
vt 0.4807 0.8059 0.0620
vt 0.5092 0.7359 0.0620
vt 0.4910 0.7327 0.0620
vt 0.5123 0.9104 0.0620
vt 0.3444 0.5803 -0.0110
vt 0.3437 0.5856 -0.0110
vt 0.5088 0.8587 0.0620
vt 0.5189 0.8841 0.0620
vt 0.5159 0.8971 0.0620
vt 0.4920 0.8834 0.0620
vt 0.5066 0.8665 0.0620
vt 0.2554 0.8507 0.0855
vt 0.2583 0.8317 -0.0110
vt 0.2912 0.6016 -0.0110
vt 0.2923 0.5956 -0.0110
vt 0.2972 0.5936 -0.0110
vt 0.3334 0.5913 -0.0110
vt 0.5030 0.9444 0.0620
vt 0.4957 0.9800 -0.0339
vt 0.4760 0.9499 0.0620
vt 0.3204 0.7406 -0.0110
vt 0.3211 0.7344 -0.0110
vt 0.3242 0.7088 -0.0110
vt 0.2977 0.5479 -0.0110
vt 0.2995 0.5294 -0.0855
vt 0.3089 0.5320 -0.0110
vt 0.5238 0.8543 0.0620
vt 0.2638 0.7984 -0.0110
vt 0.3092 0.8325 -0.0110
vt 0.3084 0.8371 -0.0110
vt 0.2930 0.8194 -0.0110
vt 0.5426 0.7282 0.0620
vt 0.5362 0.7727 0.0620
vt 0.5325 0.8022 0.0620
vt 0.5115 0.7852 0.0620
vt 0.5389 0.7542 0.0620
vt 0.5025 0.6598 -0.0620
vt 0.5208 0.6613 0.0620
vt 0.3229 0.7028 -0.0110
vt 0.3247 0.7040 -0.0110
vt 0.2843 0.6868 -0.0110
vt 0.4802 0.8105 0.0620
vt 0.3208 0.7369 -0.0110
vt 0.2704 0.7421 -0.0110
vt 0.4852 0.7738 0.0620
vt 0.4861 0.7670 0.0620
vt 0.4941 0.7740 0.0620
vt 0.3151 0.7918 -0.0110
vt 0.5512 0.6747 0.0620
vt 0.5501 0.6795 0.0620
vt 0.5422 0.6707 0.0620
vt 0.2650 0.7868 -0.0110
vt 0.5052 0.9350 0.0620
vt 0.4813 0.8926 0.0620
vt 0.4627 0.8923 0.0620
vt 0.5214 0.8682 0.0620
vt 0.3376 0.6266 -0.0110
vt 0.3362 0.6353 -0.0110
vt 0.2886 0.6175 -0.0110
vt 0.4835 0.7867 0.0620
vt 0.3483 0.5475 -0.0110
vt 0.3494 0.5378 -0.0110
vt 0.3465 0.5639 -0.0110
vt 0.3145 0.7956 -0.0110
vt 0.2814 0.7830 -0.0110
vt 0.2768 0.6858 -0.0110
vt 0.2754 0.6972 -0.0110
vt 0.2765 0.6875 -0.0110
vt 0.2916 0.6918 -0.0110
vt 0.3253 0.6994 -0.0110
vt 0.3111 0.8218 -0.0110
vt 0.3111 0.8215 -0.0110
vt 0.5371 0.7665 0.0620
vt 0.5286 0.8312 0.0620
vt 0.4620 0.8963 0.0620
vt 0.3346 0.6447 -0.0110
vt 0.3359 0.6369 -0.0110
vt 0.4845 0.7786 0.0620
vt 0.2998 0.8899 -0.0110
vt 0.5038 0.9408 0.0620
vt 0.2727 0.7225 -0.0110
vt 0.2750 0.7010 -0.0110
vt 0.2706 0.7409 -0.0110
vt 0.2926 0.5944 -0.0110
vt 0.2933 0.5880 -0.0110
vt 0.3432 0.5883 -0.0110
vt 0.2590 0.8272 -0.0110
vt 0.4902 0.7391 0.0620
vt 0.3249 0.7030 -0.0110
vt 0.5464 0.6954 0.0620
vt 0.5050 0.9352 0.0620
vt 0.3326 0.6566 -0.0110
vt 0.4878 0.8257 0.0620
vt 0.4735 0.8403 0.0620
vt 0.3425 0.5926 -0.0110
vt 0.4770 0.8254 0.0620
vt 0.2720 0.7288 -0.0110
vt 0.2617 0.8107 -0.0110
vt 0.4532 0.9345 0.0620
vt 0.4524 0.9381 0.0620
vt 0.5462 0.6973 0.0620
vt 0.4793 0.8153 0.0620
vt 0.5563 0.4581 0.6978
vt 0.5619 0.4578 0.6978
vt 0.5620 0.4581 0.6978
vt 0.5652 0.4593 0.6978
vt 0.5754 0.4630 0.6978
vt 0.5854 0.4667 0.6978
vt 0.5982 0.4710 0.6978
vt 0.6106 0.4751 0.6978
vt 0.6257 0.4791 0.6978
vt 0.6352 0.4827 0.6978
vt 0.6366 0.4832 0.6978
vt 0.6388 0.4842 0.6978
vt 0.6447 0.4883 0.6978
vt 0.6540 0.5008 0.6978
vt 0.6549 0.5016 -0.6978
vt 0.6557 0.5025 0.6978
vt 0.6619 0.5254 0.6978
vt 0.6622 0.5299 0.6978
vt 0.6484 0.5554 0.6978
vt 0.6447 0.5603 0.6978
vt 0.6367 0.5696 0.6978
vt 0.6304 0.5761 0.6978
vt 0.6263 0.5812 0.6978
vt 0.6201 0.5894 0.6978
vt 0.6153 0.5968 0.6978
vt 0.6103 0.6060 0.6978
vt 0.6048 0.6158 0.6978
vt 0.6027 0.6186 0.6978
vt 0.5880 0.6252 0.6978
vt 0.5835 0.6271 0.6978
vt 0.5662 0.6337 0.6978
vt 0.5586 0.6364 0.6978
vt 0.5532 0.6381 0.6978
vt 0.5422 0.6409 0.6978
vt 0.5381 0.6419 0.6978
vt 0.5273 0.6441 0.6978
vt 0.5209 0.6450 0.6978
vt 0.5199 0.6444 0.6978
vt 0.5150 0.6409 0.6978
vt 0.5043 0.6290 0.6978
vt 0.4983 0.6223 0.6978
vt 0.4648 0.5913 0.6978
vt 0.4535 0.5819 0.6978
vt 0.4524 0.5806 -0.6978
vt 0.4541 0.5712 0.6978
vt 0.4549 0.5675 0.6978
vt 0.4598 0.5465 0.6978
vt 0.4611 0.5403 0.6978
vt 0.4625 0.5282 0.6978
vt 0.4620 0.5264 0.6978
vt 0.4613 0.5248 0.6978
vt 0.4659 0.5071 0.6978
vt 0.4701 0.4816 0.6978
vt 0.4708 0.4757 0.6978
vt 0.4714 0.4733 0.6978
vt 0.4721 0.4701 0.6978
vt 0.4791 0.4600 0.6978
vt 0.4804 0.4584 0.6978
vt 0.4844 0.4568 0.6978
vt 0.4942 0.4569 0.6978
vt 0.4986 0.4570 0.6978
vt 0.5176 0.4585 0.6978
vt 0.5527 0.4584 0.6978
vt 0.3339 0.1180 0.0410
vt 0.3332 0.1144 0.0410
vt 0.3343 0.1121 0.0410
vt 0.3568 0.0864 0.0410
vt 0.3611 0.0810 0.0410
vt 0.3679 0.0710 0.0410
vt 0.3722 0.0643 0.0410
vt 0.3728 0.0623 0.0410
vt 0.3774 0.0548 0.0410
vt 0.3951 0.0252 0.0410
vt 0.3989 0.0231 0.0410
vt 0.4016 0.0228 0.0410
vt 0.4070 0.0230 0.0410
vt 0.4234 0.0242 0.0410
vt 0.4398 0.0264 0.0410
vt 0.4495 0.0277 0.0410
vt 0.4607 0.0304 0.0410
vt 0.4712 0.0332 0.0410
vt 0.4753 0.0347 -0.0410
vt 0.4887 0.0503 0.0410
vt 0.5032 0.0649 0.0410
vt 0.5072 0.0685 0.0410
vt 0.5119 0.0729 0.0410
vt 0.5336 0.0903 0.0410
vt 0.5368 0.0964 0.0410
vt 0.5404 0.0995 0.0410
vt 0.5388 0.1074 0.0410
vt 0.5368 0.1166 0.0410
vt 0.5351 0.1264 0.0410
vt 0.5346 0.1311 0.0410
vt 0.5331 0.1356 0.0410
vt 0.5286 0.1448 0.0410
vt 0.5211 0.1579 0.0410
vt 0.5134 0.1718 0.0410
vt 0.5099 0.1772 0.0410
vt 0.4974 0.1965 0.0410
vt 0.4932 0.2021 0.0410
vt 0.4907 0.2051 0.0410
vt 0.4823 0.2060 0.0410
vt 0.4708 0.2078 0.0410
vt 0.4527 0.2094 0.0410
vt 0.4491 0.2107 0.0410
vt 0.4307 0.2147 0.0410
vt 0.4026 0.2212 0.0410
vt 0.3975 0.2222 0.0410
vt 0.3930 0.2225 0.0410
vt 0.3827 0.2244 -0.0410
vt 0.3825 0.2243 0.0410
vt 0.3745 0.2160 0.0410
vt 0.3668 0.2083 0.0410
vt 0.3652 0.2052 0.0410
vt 0.3620 0.2029 0.0410
vt 0.3577 0.1906 0.0410
vt 0.3504 0.1593 0.0410
vt 0.3488 0.1534 0.0410
vt 0.3476 0.1498 0.0410
vt 0.3465 0.1469 0.0410
vt 0.3354 0.1236 0.0410
vt 0.3343 0.1189 0.0410
# 783 texture coords

o Stone3
g Stone3
usemtl wire_153228214
s off
f 1001/1567/1003 1002/1568/1004 1003/1569/1005 
f 1004/1570/1006 1005/1571/1007 1006/1572/1008 
f 1007/1573/1009 1002/1574/1004 1001/1575/1003 
f 1008/1576/1010 1009/1577/1011 1010/1578/1012 
f 1011/1579/1013 1012/1580/1014 1013/1581/1015 
f 1014/1582/1016 1015/1583/1017 1016/1584/1018 
f 1017/1585/1019 1018/1586/1020 1019/1587/1021 
f 1020/1588/1022 1021/1589/1023 1022/1590/1024 
f 1023/1591/1025 1024/1592/1026 1025/1593/1027 
f 1026/1594/1028 1027/1595/1029 1028/1596/1030 
f 1029/1597/1031 1030/1598/1032 1031/1599/1033 
f 1020/1588/1022 1032/1600/1034 1033/1601/1035 
f 1032/1600/1034 1034/1602/1036 1035/1603/1037 
f 1036/1604/1038 1037/1605/1039 1003/1569/1005 
f 1026/1594/1028 1038/1606/1040 1039/1607/1041 
f 1025/1593/1027 1040/1608/1042 1041/1609/1043 
f 1021/1589/1023 1042/1610/1044 1043/1611/1045 
f 1013/1581/1015 1012/1580/1014 1044/1612/1046 
f 1038/1606/1040 1045/1613/1047 1046/1614/1048 
f 1028/1596/1030 1014/1582/1016 1047/1615/1049 
f 1011/1579/1013 1013/1581/1015 1023/1591/1025 
f 1031/1599/1033 1030/1598/1032 1048/1616/1050 
f 1049/1617/1051 1050/1618/1052 1039/1607/1041 
f 1051/1619/1053 1052/1620/1054 1022/1621/1024 
f 1053/1622/1055 1054/1623/1056 1055/1624/1057 
f 1025/1593/1027 1024/1592/1026 1040/1608/1042 
f 1044/1612/1046 1056/1625/1058 1057/1626/1059 
f 1058/1627/1060 1059/1628/1061 1060/1629/1062 
f 1008/1576/1010 1061/1630/1063 1009/1577/1011 
f 1062/1631/1064 1003/1569/1005 1002/1568/1004 
f 1038/1606/1040 1047/1615/1049 1045/1613/1047 
f 1004/1570/1006 1063/1632/1065 1005/1571/1007 
f 1064/1633/1066 1007/1573/1009 1065/1634/1067 
f 1066/1635/1068 1040/1608/1042 1067/1636/1069 
f 1058/1627/1060 1034/1602/1036 1059/1628/1061 
f 1022/1590/1024 1021/1589/1023 1043/1611/1045 
f 1065/1634/1067 1007/1573/1009 1001/1575/1003 
f 1068/1637/1070 1017/1585/1019 1019/1587/1021 
f 1010/1578/1012 1032/1600/1034 1020/1588/1022 
f 1069/1638/1071 1060/1629/1062 1059/1628/1061 
f 1070/1639/1072 1015/1583/1017 1071/1640/1073 
f 1072/1641/1074 1073/1642/1075 1074/1643/1076 
f 1053/1622/1055 1055/1624/1057 1050/1618/1052 
f 1055/1624/1057 1027/1595/1029 1026/1594/1028 
f 1045/1613/1047 1047/1615/1049 1063/1632/1065 
f 1020/1588/1022 1033/1601/1035 1075/1644/1077 
f 1030/1598/1032 1076/1645/1078 1048/1616/1050 
f 1065/1646/1067 1001/1567/1003 1077/1647/1079 
f 1053/1622/1055 1001/1567/1003 1054/1623/1056 
f 1052/1620/1054 1020/1648/1022 1022/1621/1024 
f 1078/1649/1080 1010/1650/1012 1020/1648/1022 
f 1056/1625/1058 1079/1651/1081 1024/1592/1026 
f 1041/1609/1043 1040/1608/1042 1080/1652/1082 
f 1043/1611/1045 1042/1610/1044 1081/1653/1083 
f 1082/1654/1084 1083/1655/1085 1006/1572/1008 
f 1046/1614/1048 1045/1613/1047 1018/1586/1020 
f 1084/1656/1086 1003/1569/1005 1062/1631/1064 
f 1085/1657/1087 1046/1614/1048 1018/1586/1020 
f 1051/1619/1053 1049/1617/1051 1039/1607/1041 
f 1066/1635/1068 1067/1636/1069 1086/1658/1088 
f 1019/1587/1021 1018/1586/1020 1008/1659/1010 
f 1018/1586/1020 1083/1655/1085 1082/1654/1084 
f 1054/1623/1056 1087/1660/1089 1055/1624/1057 
f 1082/1661/1084 1006/1662/1008 1061/1630/1063 
f 1006/1662/1008 1088/1663/1090 1069/1638/1071 
f 1044/1612/1046 1012/1580/1014 1089/1664/1091 
f 1089/1664/1091 1034/1602/1036 1058/1627/1060 
f 1090/1665/1092 1036/1604/1038 1087/1660/1089 
f 1037/1605/1039 1036/1604/1038 1090/1665/1092 
f 1022/1621/1024 1077/1647/1079 1051/1619/1053 
f 1022/1621/1024 1065/1646/1067 1077/1647/1079 
f 1048/1616/1050 1076/1645/1078 1091/1666/1093 
f 1048/1616/1050 1091/1666/1093 1025/1593/1027 
f 1021/1589/1023 1031/1599/1033 1042/1610/1044 
f 1029/1597/1031 1031/1599/1033 1021/1589/1023 
f 1035/1603/1037 1012/1580/1014 1011/1579/1013 
f 1075/1644/1077 1033/1601/1035 1011/1579/1013 
f 1092/1667/1094 1063/1632/1065 1047/1615/1049 
f 1093/1668/1095 1063/1632/1065 1092/1667/1094 
f 1070/1639/1072 1071/1640/1073 1094/1669/1096 
f 1050/1618/1052 1055/1624/1057 1026/1594/1028 
f 1039/1607/1041 1050/1618/1052 1026/1594/1028 
f 1072/1641/1074 1002/1574/1004 1073/1642/1075 
f 1007/1573/1009 1095/1670/1097 1002/1574/1004 
f 1065/1634/1067 1080/1652/1082 1064/1633/1066 
f 1080/1652/1082 1040/1608/1042 1066/1635/1068 
f 1013/1581/1015 1044/1612/1046 1096/1671/1098 
f 1023/1591/1025 1013/1581/1015 1024/1592/1026 
f 1010/1578/1012 1009/1577/1011 1032/1600/1034 
f 1009/1577/1011 1069/1638/1071 1059/1628/1061 
f 1024/1592/1026 1079/1651/1081 1040/1608/1042 
f 1040/1608/1042 1079/1651/1081 1067/1636/1069 
f 1086/1658/1088 1067/1636/1069 1097/1672/1099 
f 1097/1672/1099 1095/1670/1097 1007/1573/1009 
f 1051/1619/1053 1068/1637/1070 1052/1620/1054 
f 1068/1637/1070 1019/1587/1021 1078/1649/1080 
f 1051/1619/1053 1039/1607/1041 1085/1657/1087 
f 1051/1619/1053 1085/1657/1087 1068/1637/1070 
f 1060/1629/1062 1069/1638/1071 1088/1663/1090 
f 1049/1617/1051 1053/1622/1055 1050/1618/1052 
f 1077/1647/1079 1001/1567/1003 1053/1622/1055 
f 1028/1596/1030 1027/1595/1029 1015/1583/1017 
f 1028/1596/1030 1015/1583/1017 1014/1582/1016 
f 1062/1673/1064 1002/1574/1004 1072/1641/1074 
f 1098/1674/1100 1070/1639/1072 1094/1669/1096 
f 1016/1584/1018 1015/1583/1017 1070/1639/1072 
f 1031/1599/1033 1048/1616/1050 1025/1593/1027 
f 1031/1599/1033 1025/1593/1027 1041/1609/1043 
f 1093/1668/1095 1005/1571/1007 1063/1632/1065 
f 1054/1623/1056 1037/1605/1039 1090/1665/1092 
f 1054/1623/1056 1090/1665/1092 1087/1660/1089 
f 1030/1598/1032 1075/1644/1077 1076/1645/1078 
f 1029/1597/1031 1075/1644/1077 1030/1598/1032 
f 1022/1590/1024 1043/1611/1045 1065/1634/1067 
f 1043/1611/1045 1080/1652/1082 1065/1634/1067 
f 1091/1666/1093 1011/1579/1013 1023/1591/1025 
f 1091/1666/1093 1023/1591/1025 1025/1593/1027 
f 1020/1588/1022 1029/1597/1031 1021/1589/1023 
f 1029/1597/1031 1020/1588/1022 1075/1644/1077 
f 1041/1609/1043 1080/1652/1082 1081/1653/1083 
f 1043/1611/1045 1081/1653/1083 1080/1652/1082 
f 1009/1577/1011 1059/1628/1061 1032/1600/1034 
f 1032/1600/1034 1059/1628/1061 1034/1602/1036 
f 1045/1613/1047 1063/1632/1065 1004/1570/1006 
f 1018/1586/1020 1045/1613/1047 1083/1655/1085 
f 1056/1625/1058 1024/1592/1026 1096/1671/1098 
f 1013/1581/1015 1096/1671/1098 1024/1592/1026 
f 1039/1607/1041 1046/1614/1048 1085/1657/1087 
f 1039/1607/1041 1038/1606/1040 1046/1614/1048 
f 1001/1567/1003 1037/1605/1039 1054/1623/1056 
f 1001/1567/1003 1003/1569/1005 1037/1605/1039 
f 1064/1633/1066 1086/1658/1088 1007/1573/1009 
f 1086/1658/1088 1097/1672/1099 1007/1573/1009 
f 1067/1636/1069 1099/1675/1101 1097/1672/1099 
f 1099/1675/1101 1067/1636/1069 1079/1651/1081 
f 1042/1610/1044 1041/1609/1043 1081/1653/1083 
f 1031/1599/1033 1041/1609/1043 1042/1610/1044 
f 1019/1587/1021 1010/1650/1012 1078/1649/1080 
f 1019/1587/1021 1008/1659/1010 1010/1650/1012 
f 1094/1669/1096 1071/1640/1073 1027/1595/1029 
f 1027/1595/1029 1071/1640/1073 1015/1583/1017 
f 1073/1642/1075 1095/1670/1097 1097/1672/1099 
f 1002/1574/1004 1095/1670/1097 1073/1642/1075 
f 1032/1600/1034 1035/1603/1037 1033/1601/1035 
f 1033/1601/1035 1035/1603/1037 1011/1579/1013 
f 1077/1647/1079 1053/1622/1055 1049/1617/1051 
f 1051/1619/1053 1077/1647/1079 1049/1617/1051 
f 1068/1637/1070 1078/1649/1080 1052/1620/1054 
f 1052/1620/1054 1078/1649/1080 1020/1648/1022 
f 1085/1657/1087 1018/1586/1020 1017/1585/1019 
f 1085/1657/1087 1017/1585/1019 1068/1637/1070 
f 1061/1630/1063 1006/1662/1008 1069/1638/1071 
f 1061/1630/1063 1069/1638/1071 1009/1577/1011 
f 1100/1676/1102 1079/1651/1081 1056/1625/1058 
f 1045/1613/1047 1004/1570/1006 1083/1655/1085 
f 1083/1655/1085 1004/1570/1006 1006/1572/1008 
f 1016/1584/1018 1070/1639/1072 1098/1674/1100 
f 1034/1602/1036 1012/1580/1014 1035/1603/1037 
f 1089/1664/1091 1012/1580/1014 1034/1602/1036 
f 1008/1576/1010 1082/1661/1084 1061/1630/1063 
f 1018/1586/1020 1082/1654/1084 1008/1659/1010 
f 1076/1645/1078 1011/1579/1013 1091/1666/1093 
f 1075/1644/1077 1011/1579/1013 1076/1645/1078 
f 1080/1652/1082 1066/1635/1068 1064/1633/1066 
f 1066/1635/1068 1086/1658/1088 1064/1633/1066 
f 1028/1596/1030 1047/1615/1049 1038/1606/1040 
f 1026/1594/1028 1028/1596/1030 1038/1606/1040 
f 1057/1626/1059 1096/1671/1098 1044/1612/1046 
f 1057/1626/1059 1056/1625/1058 1096/1671/1098 
f 1101/1677/1103 1102/1678/1104 1094/1679/1105 
f 1103/1680/1106 1104/1681/1107 1099/1675/1101 
f 1105/1682/1108 1106/1683/1109 1047/1615/1049 1014/1582/1016 
f 1107/1684/1110 1072/1641/1074 1074/1643/1076 1108/1685/1111 
f 1109/1686/1112 1027/1595/1029 1055/1624/1057 1110/1687/1113 
f 1111/1688/1114 1112/1689/1115 1088/1663/1090 
f 1113/1690/1116 1073/1642/1075 1097/1672/1099 1114/1691/1117 
f 1115/1692/1118 1116/1693/1119 1060/1629/1062 
f 1117/1694/1120 1118/1695/1121 1016/1584/1018 
f 1119/1696/1122 1044/1612/1046 1089/1664/1091 1120/1697/1123 
f 1121/1698/1124 1087/1660/1089 1036/1604/1038 1122/1699/1125 
f 1123/1700/1126 1084/1656/1086 1062/1631/1064 1124/1701/1127 
f 1125/1702/1128 1088/1663/1090 1006/1662/1008 1126/1703/1129 
f 1127/1704/1130 1074/1643/1076 1073/1642/1075 1113/1690/1116 
f 1128/1705/1131 1092/1667/1094 1047/1615/1049 1106/1683/1109 
f 1129/1706/1132 1014/1582/1016 1016/1584/1018 1130/1707/1133 
f 1103/1680/1106 1099/1675/1101 1079/1651/1081 1131/1708/1134 
f 1132/1709/1135 1126/1710/1129 1006/1572/1008 1005/1571/1007 
f 1133/1711/1136 1134/1712/1137 1036/1604/1038 1003/1569/1005 
f 1135/1713/1138 1114/1691/1117 1097/1672/1099 1099/1675/1101 
f 1136/1714/1139 1137/1715/1140 1055/1624/1057 1087/1660/1089 
f 1138/1716/1141 1139/1717/1142 1089/1664/1091 
f 1140/1718/1143 1101/1677/1103 1094/1679/1105 
f 1119/1696/1122 1141/1719/1144 1044/1612/1046 
f 1142/1720/1145 1143/1721/1146 1056/1625/1058 1044/1612/1046 
f 1129/1706/1132 1144/1722/1147 1014/1582/1016 
f 1121/1698/1124 1145/1723/1148 1087/1660/1089 
f 1123/1700/1126 1146/1724/1149 1084/1656/1086 
f 1147/1725/1150 1131/1708/1134 1079/1651/1081 1100/1676/1102 
f 1148/1726/1151 1089/1664/1091 1058/1627/1060 1149/1727/1152 
f 1150/1728/1153 1149/1727/1152 1058/1627/1060 1060/1629/1062 
f 1137/1715/1140 1110/1687/1113 1055/1624/1057 
f 1151/1729/1154 1152/1730/1155 1062/1673/1064 
f 1128/1705/1131 1153/1731/1156 1092/1667/1094 
f 1112/1689/1115 1115/1692/1118 1060/1629/1062 1088/1663/1090 
f 1151/1729/1154 1062/1673/1064 1072/1641/1074 1107/1684/1110 
f 1143/1721/1146 1154/1732/1157 1056/1625/1058 
f 1155/1733/1158 1133/1711/1136 1003/1569/1005 1084/1656/1086 
f 1125/1702/1128 1111/1688/1114 1088/1663/1090 
f 1127/1704/1130 1156/1734/1159 1074/1643/1076 
f 1144/1722/1147 1157/1735/1160 1014/1582/1016 
f 1158/1736/1161 1159/1737/1162 1100/1676/1102 1056/1625/1058 
f 1117/1694/1120 1016/1584/1018 1098/1674/1100 1160/1738/1163 
f 1161/1739/1164 1162/1740/1165 1093/1668/1095 1092/1667/1094 
f 1162/1740/1165 1163/1741/1166 1005/1571/1007 1093/1668/1095 
f 1141/1719/1144 1142/1720/1145 1044/1612/1046 
f 1156/1734/1159 1108/1685/1111 1074/1643/1076 
f 1134/1712/1137 1122/1699/1125 1036/1604/1038 
f 1139/1717/1142 1120/1697/1123 1089/1664/1091 
f 1153/1731/1156 1161/1739/1164 1092/1667/1094 
f 1145/1723/1148 1136/1714/1139 1087/1660/1089 
f 1152/1730/1155 1124/1742/1127 1062/1673/1064 
f 1148/1726/1151 1138/1716/1141 1089/1664/1091 
f 1157/1735/1160 1105/1682/1108 1014/1582/1016 
f 1104/1681/1107 1135/1713/1138 1099/1675/1101 
f 1118/1695/1121 1130/1707/1133 1016/1584/1018 
f 1154/1732/1157 1158/1736/1161 1056/1625/1058 
f 1163/1741/1166 1132/1709/1135 1005/1571/1007 
f 1146/1724/1149 1155/1733/1158 1084/1656/1086 
f 1116/1693/1119 1150/1728/1153 1060/1629/1062 
f 1159/1737/1162 1147/1725/1150 1100/1676/1102 
f 1107/1743/1110 1108/1744/1111 1156/1745/1159 1127/1746/1130 1113/1747/1116 1114/1748/1117 1135/1749/1138 1104/1750/1107 1103/1751/1106 1131/1752/1134 1147/1753/1150 1159/1754/1162 1158/1755/1161 1154/1756/1157 1143/1757/1146 1142/1758/1145 1141/1759/1144 1119/1760/1122 1120/1761/1123 1139/1762/1142 1138/1763/1141 1148/1764/1151 1149/1765/1152 1150/1766/1153 1116/1767/1119 1115/1768/1118 1112/1769/1115 1111/1770/1114 1125/1771/1128 1126/1772/1129 1132/1773/1135 1163/1774/1166 1162/1775/1165 1161/1776/1164 1153/1777/1156 1128/1778/1131 1106/1779/1109 1105/1780/1108 1157/1781/1160 1144/1782/1147 1129/1783/1132 1130/1784/1133 1118/1785/1121 1117/1786/1120 1160/1787/1163 1102/1788/1104 1101/1789/1103 1140/1790/1143 1109/1791/1112 1110/1792/1113 1137/1793/1140 1136/1794/1139 1145/1795/1148 1121/1796/1124 1122/1797/1125 1134/1798/1137 1133/1799/1136 1155/1800/1158 1146/1801/1149 1123/1802/1126 1124/1803/1127 1152/1804/1155 1151/1805/1154 
f 1164/1806/1167 1165/1807/1168 1166/1808/1169 
f 1164/1806/1167 1166/1808/1169 1167/1809/1170 
f 1164/1806/1167 1167/1809/1170 1168/1810/1171 
f 1169/1811/1172 1164/1806/1167 1168/1810/1171 
f 1170/1812/1173 1169/1811/1172 1168/1810/1171 
f 1171/1813/1174 1170/1812/1173 1168/1810/1171 1172/1814/1175 
f 1173/1815/1176 1172/1814/1175 1168/1810/1171 1174/1816/1177 
f 1175/1817/1178 1173/1815/1176 1174/1816/1177 
f 1176/1818/1179 1175/1817/1178 1174/1816/1177 
f 1177/1819/1180 1176/1818/1179 1174/1816/1177 
f 1177/1819/1180 1174/1816/1177 1178/1820/1181 1179/1821/1182 
f 1180/1822/1183 1179/1821/1182 1178/1820/1181 1181/1823/1184 
f 1182/1824/1185 1180/1822/1183 1181/1823/1184 
f 1183/1825/1186 1182/1824/1185 1181/1823/1184 1184/1826/1187 
f 1185/1827/1188 1183/1825/1186 1184/1826/1187 
f 1186/1828/1189 1185/1827/1188 1184/1826/1187 1187/1829/1190 
f 1188/1830/1191 1186/1828/1189 1187/1829/1190 
f 1189/1831/1192 1188/1830/1191 1187/1829/1190 
f 1189/1831/1192 1187/1829/1190 1190/1832/1193 1191/1833/1194 
f 1192/1834/1195 1191/1833/1194 1190/1832/1193 1193/1835/1196 
f 1194/1836/1197 1192/1834/1195 1193/1835/1196 1195/1837/1198 
f 1196/1838/1199 1194/1836/1197 1195/1837/1198 
f 1196/1838/1199 1195/1837/1198 1197/1839/1200 1198/1840/1201 
f 1199/1841/1202 1198/1840/1201 1197/1839/1200 1200/1842/1203 
f 1201/1843/1204 1199/1841/1202 1200/1842/1203 
f 1202/1844/1205 1201/1843/1204 1200/1842/1203 
f 1202/1844/1205 1200/1842/1203 1203/1845/1206 1204/1846/1207 
f 1205/1846/1208 1204/1846/1207 1203/1845/1206 
f 1206/1847/1209 1205/1846/1208 1203/1845/1206 1207/1848/1210 
f 1208/1849/1211 1206/1847/1209 1207/1848/1210 
f 1209/1850/1212 1208/1849/1211 1207/1848/1210 1210/1851/1213 
f 1211/1852/1214 1209/1850/1212 1210/1851/1213 
f 1212/1853/1215 1211/1852/1214 1210/1851/1213 1213/1854/1216 
f 1214/1855/1217 1212/1856/1215 1213/1857/1216 
f 1214/1855/1217 1213/1857/1216 1215/1858/1218 1216/1859/1219 
f 1217/1860/1220 1216/1859/1219 1215/1858/1218 
f 1218/1861/1221 1217/1860/1220 1215/1858/1218 
f 1218/1861/1221 1215/1858/1218 1219/1862/1222 1220/1863/1223 
f 1221/1864/1224 1220/1863/1223 1219/1862/1222 
f 1222/1865/1225 1221/1864/1224 1219/1862/1222 1223/1866/1226 
f 1224/1867/1227 1222/1865/1225 1223/1866/1226 
f 1225/1868/1228 1224/1867/1227 1223/1866/1226 
f 1225/1868/1228 1223/1866/1226 1226/1869/1229 1227/1870/1230 
f 1228/1871/1231 1227/1870/1230 1226/1869/1229 1229/1872/1232 
f 1230/1873/1233 1228/1871/1231 1229/1872/1232 
f 1231/1874/1234 1230/1873/1233 1229/1872/1232 
f 1232/1875/1235 1231/1874/1234 1229/1872/1232 
f 1232/1875/1235 1229/1872/1232 1233/1876/1236 1234/1877/1237 
f 1234/1877/1237 1233/1876/1236 1235/1878/1238 1236/1879/1239 
f 1237/1880/1240 1236/1879/1239 1235/1878/1238 1238/1881/1241 
f 1239/1882/1242 1237/1880/1240 1238/1881/1241 
f 1240/1883/1243 1239/1882/1242 1238/1881/1241 
f 1240/1883/1243 1238/1881/1241 1241/1884/1244 1242/1885/1245 
f 1243/1886/1246 1242/1885/1245 1241/1884/1244 
f 1244/1887/1247 1243/1886/1246 1241/1884/1244 1245/1888/1248 
f 1246/1889/1249 1244/1887/1247 1245/1888/1248 
f 1246/1889/1249 1245/1888/1248 1247/1890/1250 1248/1891/1251 
f 1249/1892/1252 1248/1891/1251 1247/1890/1250 1250/1893/1253 
f 1251/1894/1254 1249/1892/1252 1250/1893/1253 
f 1252/1895/1255 1251/1896/1254 1250/1897/1253 
f 1252/1895/1255 1250/1897/1253 1253/1898/1256 1254/1899/1257 
f 1255/1900/1258 1254/1899/1257 1253/1898/1256 1170/1812/1173 
f 1256/1901/1259 1255/1900/1258 1170/1812/1173 
f 1250/1897/1253 1257/1902/1260 1253/1898/1256 
f 1257/1902/1260 1258/1903/1261 1253/1898/1256 
f 1253/1898/1256 1258/1903/1261 1169/1811/1172 
f 1169/1811/1172 1258/1903/1261 1259/1904/1262 
f 1258/1903/1261 1260/1905/1263 1259/1904/1262 
f 1260/1905/1263 1165/1807/1168 1259/1904/1262 
f 1261/1906/1264 1165/1807/1168 1260/1905/1263 
f 1261/1906/1264 1260/1905/1263 1262/1907/1265 
f 1263/1908/1266 1261/1909/1264 1262/1910/1265 
f 1263/1908/1266 1262/1910/1265 1264/1911/1267 
f 1263/1908/1266 1264/1911/1267 1265/1912/1268 
f 1263/1908/1266 1265/1912/1268 1266/1913/1269 
f 1267/1914/1270 1263/1908/1266 1266/1913/1269 
f 1268/1915/1271 1267/1914/1270 1266/1913/1269 
f 1268/1915/1271 1266/1913/1269 1269/1916/1272 
f 1268/1915/1271 1269/1916/1272 1270/1917/1273 
f 1271/1918/1274 1268/1915/1271 1270/1917/1273 
f 1271/1918/1274 1270/1917/1273 1272/1919/1275 
f 1271/1918/1274 1272/1919/1275 1273/1920/1276 
f 1271/1918/1274 1273/1920/1276 1267/1914/1270 
f 1273/1920/1276 1274/1921/1277 1267/1914/1270 
f 1274/1921/1277 1275/1922/1278 1267/1914/1270 
f 1274/1921/1277 1276/1923/1279 1275/1922/1278 
f 1276/1923/1279 1277/1924/1280 1275/1922/1278 
f 1277/1924/1280 1261/1909/1264 1275/1922/1278 
f 1277/1924/1280 1166/1925/1169 1261/1909/1264 
f 1277/1924/1280 1278/1926/1281 1166/1925/1169 
f 1277/1924/1280 1279/1927/1282 1278/1926/1281 
f 1278/1928/1281 1279/1929/1282 1167/1809/1170 
f 1279/1929/1282 1280/1930/1283 1167/1809/1170 
f 1174/1816/1177 1167/1809/1170 1280/1930/1283 
f 1281/1931/1284 1280/1930/1283 1279/1929/1282 
f 1281/1932/1284 1279/1927/1282 1282/1933/1285 
f 1276/1923/1279 1281/1932/1284 1282/1933/1285 
f 1283/1934/1286 1281/1932/1284 1276/1923/1279 
f 1283/1935/1286 1284/1936/1287 1281/1931/1284 
f 1285/1937/1288 1284/1936/1287 1283/1935/1286 
f 1283/1935/1286 1286/1938/1289 1285/1937/1288 
f 1286/1938/1289 1287/1939/1290 1285/1937/1288 
f 1285/1937/1288 1287/1939/1290 1288/1940/1291 
f 1287/1939/1290 1289/1941/1292 1288/1940/1291 
f 1288/1940/1291 1289/1941/1292 1290/1942/1293 
f 1288/1940/1291 1290/1942/1293 1291/1943/1294 
f 1288/1940/1291 1291/1943/1294 1284/1936/1287 
f 1291/1943/1294 1292/1944/1295 1284/1936/1287 
f 1284/1936/1287 1292/1944/1295 1280/1930/1283 
f 1292/1944/1295 1293/1945/1296 1280/1930/1283 
f 1178/1820/1181 1280/1930/1283 1293/1945/1296 
f 1178/1820/1181 1293/1945/1296 1294/1946/1297 
f 1294/1946/1297 1293/1945/1296 1290/1942/1293 
f 1294/1946/1297 1290/1942/1293 1181/1823/1184 
f 1290/1942/1293 1293/1945/1296 1292/1944/1295 
f 1291/1943/1294 1290/1942/1293 1292/1944/1295 
f 1181/1823/1184 1290/1942/1293 1289/1941/1292 
f 1181/1823/1184 1289/1941/1292 1295/1947/1298 
f 1289/1941/1292 1296/1948/1299 1295/1947/1298 
f 1295/1947/1298 1296/1948/1299 1187/1829/1190 
f 1190/1832/1193 1296/1948/1299 1289/1941/1292 
f 1287/1939/1290 1190/1832/1193 1289/1941/1292 
f 1287/1939/1290 1297/1949/1300 1190/1832/1193 
f 1287/1939/1290 1298/1950/1301 1297/1949/1300 
f 1298/1950/1301 1299/1951/1302 1297/1949/1300 
f 1193/1835/1196 1297/1949/1300 1299/1951/1302 
f 1298/1950/1301 1300/1952/1303 1299/1951/1302 
f 1195/1837/1198 1299/1951/1302 1300/1952/1303 
f 1298/1950/1301 1301/1953/1304 1300/1952/1303 
f 1200/1842/1203 1300/1952/1303 1301/1953/1304 
f 1200/1842/1203 1301/1953/1304 1302/1954/1305 
f 1302/1954/1305 1301/1953/1304 1303/1955/1306 
f 1302/1954/1305 1303/1955/1306 1207/1848/1210 
f 1304/1956/1307 1303/1955/1306 1301/1953/1304 
f 1304/1956/1307 1305/1957/1308 1303/1955/1306 
f 1210/1851/1213 1303/1955/1306 1305/1957/1308 
f 1210/1851/1213 1305/1957/1308 1306/1958/1309 
f 1306/1958/1309 1305/1957/1308 1307/1959/1310 
f 1306/1960/1309 1307/1961/1310 1308/1962/1311 
f 1215/1858/1218 1306/1960/1309 1308/1962/1311 
f 1309/1963/1312 1308/1962/1311 1307/1961/1310 
f 1309/1963/1312 1307/1961/1310 1310/1964/1313 
f 1311/1965/1314 1309/1963/1312 1310/1964/1313 
f 1311/1966/1314 1310/1967/1313 1312/1968/1315 
f 1272/1969/1275 1311/1966/1314 1312/1968/1315 
f 1272/1969/1275 1312/1968/1315 1313/1970/1316 
f 1312/1968/1315 1304/1956/1307 1313/1970/1316 
f 1313/1970/1316 1304/1956/1307 1314/1971/1317 
f 1313/1970/1316 1314/1971/1317 1315/1972/1318 
f 1313/1970/1316 1315/1972/1318 1286/1938/1289 
f 1273/1973/1276 1313/1970/1316 1286/1938/1289 
f 1273/1973/1276 1286/1938/1289 1316/1974/1319 
f 1315/1972/1318 1314/1971/1317 1317/1975/1320 
f 1315/1972/1318 1317/1975/1320 1287/1939/1290 
f 1314/1971/1317 1298/1950/1301 1317/1975/1320 
f 1314/1971/1317 1304/1956/1307 1298/1950/1301 
f 1312/1968/1315 1310/1967/1313 1304/1956/1307 
f 1270/1917/1273 1309/1963/1312 1311/1965/1314 
f 1318/1976/1321 1309/1963/1312 1270/1917/1273 
f 1270/1917/1273 1319/1977/1322 1318/1976/1321 
f 1318/1976/1321 1319/1977/1322 1320/1978/1323 
f 1320/1978/1323 1321/1979/1324 1318/1976/1321 
f 1321/1979/1324 1320/1978/1323 1226/1869/1229 
f 1320/1978/1323 1319/1977/1322 1226/1869/1229 
f 1226/1869/1229 1319/1977/1322 1322/1980/1325 
f 1233/1876/1236 1226/1869/1229 1322/1980/1325 
f 1233/1876/1236 1322/1980/1325 1323/1981/1326 
f 1323/1981/1326 1322/1980/1325 1324/1982/1327 
f 1323/1981/1326 1324/1982/1327 1238/1881/1241 
f 1238/1881/1241 1324/1982/1327 1325/1983/1328 
f 1326/1984/1329 1325/1983/1328 1324/1982/1327 
f 1266/1913/1269 1326/1984/1329 1324/1982/1327 
f 1327/1985/1330 1325/1983/1328 1326/1984/1329 
f 1265/1912/1268 1327/1985/1330 1326/1984/1329 
f 1327/1985/1330 1241/1884/1244 1325/1983/1328 
f 1324/1982/1327 1322/1980/1325 1328/1986/1331 
f 1269/1916/1272 1324/1982/1327 1328/1986/1331 
f 1269/1916/1272 1328/1986/1331 1319/1977/1322 
f 1328/1986/1331 1322/1980/1325 1319/1977/1322 
f 1318/1976/1321 1321/1979/1324 1309/1963/1312 
f 1219/1862/1222 1309/1963/1312 1321/1979/1324 
f 1310/1967/1313 1307/1959/1310 1304/1956/1307 
f 1308/1962/1311 1309/1963/1312 1219/1862/1222 
f 1304/1956/1307 1307/1959/1310 1305/1957/1308 
f 1304/1956/1307 1301/1953/1304 1298/1950/1301 
f 1317/1975/1320 1298/1950/1301 1287/1939/1290 
f 1286/1938/1289 1315/1972/1318 1287/1939/1290 
f 1286/1938/1289 1283/1935/1286 1316/1974/1319 
f 1316/1987/1319 1283/1934/1286 1274/1921/1277 
f 1285/1937/1288 1288/1940/1291 1284/1936/1287 
f 1284/1936/1287 1280/1930/1283 1281/1931/1284 
f 1282/1933/1285 1279/1927/1282 1277/1924/1280 
f 1276/1923/1279 1282/1933/1285 1277/1924/1280 
f 1274/1921/1277 1283/1934/1286 1276/1923/1279 
f 1273/1920/1276 1316/1987/1319 1274/1921/1277 
f 1272/1969/1275 1313/1970/1316 1273/1973/1276 
f 1270/1917/1273 1311/1965/1314 1272/1919/1275 
f 1269/1916/1272 1319/1977/1322 1270/1917/1273 
f 1266/1913/1269 1324/1982/1327 1269/1916/1272 
f 1267/1914/1270 1268/1915/1271 1271/1918/1274 
f 1267/1914/1270 1275/1922/1278 1263/1908/1266 
f 1266/1913/1269 1265/1912/1268 1326/1984/1329 
f 1327/1985/1330 1265/1912/1268 1264/1911/1267 
f 1245/1888/1248 1327/1985/1330 1264/1911/1267 
f 1257/1988/1260 1264/1911/1267 1262/1910/1265 
f 1247/1890/1250 1264/1911/1267 1257/1988/1260 
f 1275/1922/1278 1261/1909/1264 1263/1908/1266 
f 1258/1903/1261 1262/1907/1265 1260/1905/1263 
f 1257/1902/1260 1262/1907/1265 1258/1903/1261 
f 1250/1893/1253 1247/1890/1250 1257/1988/1260 
f 1245/1888/1248 1264/1911/1267 1247/1890/1250 
f 1327/1985/1330 1245/1888/1248 1241/1884/1244 
f 1238/1881/1241 1325/1983/1328 1241/1884/1244 
f 1235/1878/1238 1323/1981/1326 1238/1881/1241 
f 1235/1878/1238 1233/1876/1236 1323/1981/1326 
f 1229/1872/1232 1226/1869/1229 1233/1876/1236 
f 1321/1979/1324 1226/1869/1229 1223/1866/1226 
f 1219/1862/1222 1321/1979/1324 1223/1866/1226 
f 1215/1858/1218 1308/1962/1311 1219/1862/1222 
f 1215/1858/1218 1213/1857/1216 1306/1960/1309 
f 1210/1851/1213 1306/1958/1309 1213/1854/1216 
f 1207/1848/1210 1303/1955/1306 1210/1851/1213 
f 1203/1845/1206 1302/1954/1305 1207/1848/1210 
f 1203/1845/1206 1200/1842/1203 1302/1954/1305 
f 1197/1839/1200 1300/1952/1303 1200/1842/1203 
f 1195/1837/1198 1300/1952/1303 1197/1839/1200 
f 1182/1989/1185 1183/1990/1186 1185/1991/1188 1186/1992/1189 1188/1993/1191 1189/1994/1192 1191/1995/1194 1192/1996/1195 1194/1997/1197 1196/1998/1199 1198/1999/1201 1199/2000/1202 1201/2001/1204 1202/2002/1205 1204/2003/1207 1205/2004/1208 1206/2005/1209 1208/2006/1211 1209/2007/1212 1211/2008/1214 1212/2009/1215 1214/2010/1217 1216/2011/1219 1217/2012/1220 1218/2013/1221 1220/2014/1223 1221/2015/1224 1222/2016/1225 1224/2017/1227 1225/2018/1228 1227/2019/1230 1228/2020/1231 1230/2021/1233 1231/2022/1234 1232/2023/1235 1234/2024/1237 1236/2025/1239 1237/2026/1240 1239/2027/1242 1240/2028/1243 1242/2029/1245 1243/2030/1246 1244/2031/1247 1246/2032/1249 1248/2033/1251 1249/2034/1252 1251/2035/1254 1252/2036/1255 1254/2037/1257 1255/2038/1258 1256/2039/1259 1171/2040/1174 1172/2041/1175 1173/2042/1176 1175/2043/1178 1176/2044/1179 1177/2045/1180 1179/2046/1182 1180/2047/1183 
f 1193/1835/1196 1299/1951/1302 1195/1837/1198 
f 1193/1835/1196 1190/1832/1193 1297/1949/1300 
f 1187/1829/1190 1296/1948/1299 1190/1832/1193 
f 1184/1826/1187 1295/1947/1298 1187/1829/1190 
f 1184/1826/1187 1181/1823/1184 1295/1947/1298 
f 1181/1823/1184 1178/1820/1181 1294/1946/1297 
f 1174/1816/1177 1280/1930/1283 1178/1820/1181 
f 1171/1813/1174 1256/1901/1259 1170/1812/1173 
f 1253/1898/1256 1169/1811/1172 1170/1812/1173 
f 1169/1811/1172 1259/1904/1262 1164/1806/1167 
f 1167/1809/1170 1174/1816/1177 1168/1810/1171 
f 1278/1928/1281 1167/1809/1170 1166/1808/1169 
f 1166/1925/1169 1165/2048/1168 1261/1909/1264 
f 1259/1904/1262 1165/1807/1168 1164/1806/1167 
f 1102/1678/1104 1160/1738/1163 1098/1674/1100 1094/1669/1096 1027/1595/1029 1109/1686/1112 1140/1718/1143 1094/1679/1105 
s 7
f 1329/2049/1332 1330/2050/1333 1331/2051/1334 1332/2052/1335 
s 3
f 1333/2053/1336 1334/2054/1337 1335/2055/1338 1336/2056/1339 
f 1337/2057/1340 1338/2058/1341 1339/2059/1342 
s 7
f 1340/2060/1343 1341/2061/1344 1342/2062/1345 1343/2063/1346 
s 3
f 1344/2064/1347 1345/2065/1348 1346/2066/1349 
s 28
f 1347/2067/1350 1335/2055/1338 1348/2068/1351 
s 4
f 1349/2069/1352 1350/2070/1353 1351/2071/1354 
s 35
f 1352/2072/1355 1353/2073/1356 1354/2074/1357 1347/2067/1350 
s 13
f 1355/2075/1358 1356/2076/1359 1346/2066/1349 1345/2065/1348 
s 1152
f 1357/2077/1360 1358/2078/1361 1359/2079/1362 
s 7
f 1360/2080/1363 1361/2081/1364 1362/2082/1365 1363/2083/1366 
s 458759
f 1364/2084/1367 1365/2085/1368 1366/2086/1369 1367/2087/1370 
s 49152
f 1368/2088/1371 1369/2089/1372 1370/2090/1373 1366/2086/1369 
s 13
f 1371/2091/1374 1372/2092/1375 1373/2093/1376 1374/2094/1377 
s 8192
f 1375/2095/1378 1376/2096/1379 1377/2097/1380 
s 6
f 1378/2098/1381 1379/2099/1382 1380/2100/1383 
s 131184
f 1381/2101/1384 1382/2102/1385 1372/2092/1375 
s 9
f 1383/2103/1386 1384/2104/1387 1382/2102/1385 
s 56
f 1385/2105/1388 1362/2082/1365 1386/2106/1389 1387/2107/1390 
s 208
f 1347/2067/1350 1348/2068/1351 1388/2108/1391 
s 196608
f 1389/2109/1392 1331/2051/1334 1390/2110/1393 1391/2111/1394 
s 16405
f 1392/2112/1395 1393/2113/1396 1394/2114/1397 1395/2115/1398 
s 99
f 1396/2116/1399 1377/2097/1380 1380/2100/1383 1379/2099/1382 
s 4103
f 1397/2117/1400 1398/2118/1401 1399/2119/1402 1400/2120/1403 
s 5
f 1401/2121/1404 1402/2122/1405 1403/2123/1406 
s 266240
f 1404/2124/1407 1405/2125/1408 1390/2110/1393 1406/2126/1409 
s 28
f 1378/2098/1381 1380/2100/1383 1407/2127/1410 1408/2128/1411 
s 32864
f 1409/2129/1412 1368/2088/1371 1366/2086/1369 
s 208
f 1410/2130/1413 1411/2131/1414 1386/2106/1389 1362/2082/1365 
s 152
f 1356/2076/1359 1412/2132/1415 1346/2066/1349 
s 12
f 1413/2133/1416 1414/2134/1417 1415/2135/1418 1416/2136/1419 
s 26
f 1417/2137/1420 1418/2138/1421 1342/2062/1345 1341/2061/1344 
s 4225
f 1419/2139/1422 1420/2140/1423 1421/2141/1424 1422/2142/1425 
s 69648
f 1370/2090/1373 1367/2087/1370 1366/2086/1369 
s 48
f 1423/2143/1426 1417/2144/1420 1341/2145/1344 
s 258
f 1424/2146/1427 1352/2072/1355 1347/2067/1350 
s 1664
f 1425/2147/1428 1347/2067/1350 1388/2108/1391 1426/2148/1429 
s 18
f 1427/2149/1430 1428/2150/1431 1429/2151/1432 
s 16
f 1430/2152/1433 1357/2077/1360 1359/2079/1362 
s 136
f 1431/2153/1434 1383/2103/1386 1382/2102/1385 
s 131584
f 1381/2101/1384 1372/2092/1375 1351/2071/1354 
s 2784
f 1432/2154/1435 1433/2155/1436 1342/2062/1345 1434/2156/1437 
s 34
f 1435/2157/1438 1337/2057/1340 1339/2059/1342 
s 37
f 1436/2158/1439 1437/2159/1440 1438/2160/1441 
s 193
f 1338/2058/1341 1439/2161/1442 1407/2127/1410 1339/2059/1342 
s 49152
f 1395/2115/1398 1394/2114/1397 1377/2097/1380 
s 9864
f 1376/2096/1379 1440/2162/1443 1361/2163/1364 1377/2097/1380 
s 1033
f 1426/2148/1429 1388/2108/1391 1441/2164/1444 1442/2165/1445 
s 8242
f 1443/2166/1446 1400/2120/1403 1399/2119/1402 
s 393552
f 1406/2126/1409 1390/2110/1393 1331/2051/1334 1444/2167/1447 
s 1664
f 1356/2076/1359 1331/2051/1334 1412/2132/1415 
s 2560
f 1425/2147/1428 1445/2168/1448 1347/2067/1350 
s off
f 1333/2053/1336 1446/2169/1449 1334/2054/1337 
s 2092
f 1447/2170/1450 1448/2171/1451 1449/2172/1452 1405/2125/1408 
s 17
f 1353/2073/1356 1450/2173/1453 1354/2074/1357 
s 266
f 1428/2174/1431 1451/2175/1454 1429/2176/1432 
s 65664
f 1377/2097/1380 1361/2163/1364 1395/2115/1398 
s 770
f 1452/2177/1455 1336/2056/1339 1335/2055/1338 1382/2102/1385 
s 4132
f 1354/2074/1357 1335/2055/1338 1347/2067/1350 
s 16395
f 1369/2089/1372 1453/2178/1456 1370/2090/1373 
s 8194
f 1390/2110/1393 1405/2125/1408 1438/2160/1441 
s 2082
f 1437/2159/1440 1391/2111/1394 1390/2110/1393 1438/2160/1441 
s 513
f 1384/2104/1387 1452/2177/1455 1382/2102/1385 
s 17218
f 1344/2064/1347 1346/2066/1349 1454/2179/1457 1455/2180/1458 
s 40992
f 1346/2066/1349 1416/2136/1419 1415/2135/1418 
s 71
f 1456/2181/1459 1413/2133/1416 1416/2136/1419 
s 4380
f 1457/2182/1460 1458/2183/1461 1459/2184/1462 1419/2139/1422 1422/2142/1425 
s 4177
f 1404/2124/1407 1460/2185/1463 1405/2125/1408 
s 104464
f 1412/2132/1415 1416/2136/1419 1346/2066/1349 
s 57
f 1430/2152/1433 1359/2079/1362 1330/2050/1333 1329/2049/1332 
s 770
f 1461/2186/1464 1362/2082/1365 1361/2081/1364 1440/2187/1443 
s 1152
f 1462/2188/1465 1410/2130/1413 1362/2082/1365 
s 36
f 1433/2155/1436 1343/2063/1346 1342/2062/1345 
s 200
f 1463/2189/1466 1374/2094/1377 1373/2093/1376 1354/2074/1357 
s 3328
f 1335/2055/1338 1464/2190/1467 1382/2102/1385 
s 32964
f 1401/2121/1404 1403/2123/1406 1443/2166/1446 1465/2191/1468 
s 4
f 1466/2192/1469 1467/2193/1470 1468/2194/1471 
s 4096
f 1398/2118/1401 1469/2195/1472 1399/2119/1402 
s 100616
f 1399/2119/1402 1441/2164/1444 1388/2108/1391 
s 512
f 1470/2196/1473 1432/2154/1435 1434/2156/1437 
s 5123
f 1371/2091/1374 1471/2197/1474 1372/2092/1375 
s 8584
f 1438/2160/1441 1405/2125/1408 1449/2172/1452 
s 1281
f 1436/2158/1439 1438/2160/1441 1449/2172/1452 1472/2198/1475 
s 2052
f 1473/2199/1476 1332/2052/1335 1331/2051/1334 
s 527560
f 1409/2129/1412 1366/2086/1369 1415/2135/1418 1414/2134/1417 
s 262144
f 1474/2200/1477 1454/2179/1457 1366/2086/1369 1365/2085/1368 
s 336
f 1403/2123/1406 1400/2120/1403 1443/2166/1446 
s 1792
f 1475/2201/1478 1400/2120/1403 1403/2123/1406 1476/2202/1479 
s 2048
f 1477/2203/1480 1447/2170/1450 1405/2125/1408 
s 64
f 1460/2185/1463 1477/2203/1480 1405/2125/1408 
s 65
f 1340/2060/1343 1478/2204/1481 1341/2061/1344 
s 928
f 1423/2143/1426 1341/2145/1344 1367/2087/1370 1479/2205/1482 
s 4192
f 1480/2206/1483 1481/2207/1484 1388/2108/1391 1348/2068/1351 
s off
f 1446/2169/1449 1482/2208/1485 1334/2054/1337 
s 1
f 1420/2140/1423 1483/2209/1486 1421/2141/1424 
s 4
f 1483/2209/1486 1484/2210/1487 1421/2141/1424 
s 130
f 1456/2181/1459 1416/2136/1419 1359/2079/1362 1358/2078/1361 
s 65792
f 1412/2132/1415 1359/2079/1362 1416/2136/1419 
s 26176
f 1485/2211/1488 1422/2142/1425 1386/2106/1389 1411/2131/1414 
s 270592
f 1351/2071/1354 1372/2092/1375 1342/2062/1345 
s 267272
f 1486/2212/1489 1351/2071/1354 1342/2062/1345 1418/2138/1421 
s 548
f 1435/2157/1438 1339/2059/1342 1394/2114/1397 1393/2113/1396 
s 2184
f 1380/2100/1383 1339/2059/1342 1407/2127/1410 
s 12
f 1385/2105/1388 1363/2083/1366 1362/2082/1365 
s 1
f 1396/2116/1399 1375/2095/1378 1377/2097/1380 
s 1030
f 1486/2212/1489 1349/2069/1352 1351/2071/1354 
s 18
f 1487/2213/1490 1408/2128/1411 1407/2127/1410 
s 144
f 1450/2173/1453 1463/2189/1466 1354/2074/1357 
s 24640
f 1464/2190/1467 1354/2074/1357 1373/2093/1376 
s 13312
f 1464/2190/1467 1335/2055/1338 1354/2074/1357 
s 193
f 1488/2214/1491 1442/2165/1445 1441/2164/1444 
s 32832
f 1469/2195/1472 1488/2214/1491 1441/2164/1444 1399/2119/1402 
s 131328
f 1451/2175/1454 1489/2215/1492 1395/2115/1398 1429/2176/1432 
s 196608
f 1468/2194/1471 1399/2119/1402 1388/2108/1391 
s 151558
f 1466/2192/1469 1468/2194/1471 1388/2108/1391 1481/2207/1484 
s 4352
f 1490/2216/1493 1479/2205/1482 1367/2087/1370 1370/2090/1373 
s 2
f 1453/2178/1456 1490/2216/1493 1370/2090/1373 
s 12
f 1491/2217/1494 1397/2117/1400 1400/2120/1403 
s 520
f 1475/2201/1478 1491/2217/1494 1400/2120/1403 
s 16384
f 1474/2200/1477 1455/2180/1458 1454/2179/1457 
s 12800
f 1492/2218/1495 1331/2051/1334 1356/2076/1359 
s 8198
f 1493/2219/1496 1492/2218/1495 1356/2076/1359 1355/2075/1358 
s 256
f 1494/2220/1497 1457/2182/1460 1422/2142/1425 
s 16384
f 1485/2211/1488 1494/2220/1497 1422/2142/1425 
s 3
f 1493/2219/1496 1495/2221/1498 1492/2218/1495 
s 2304
f 1445/2168/1448 1424/2146/1427 1347/2067/1350 
s 1280
f 1461/2186/1464 1462/2188/1465 1362/2082/1365 
s 32804
f 1382/2102/1385 1373/2093/1376 1372/2092/1375 
s 51200
f 1464/2190/1467 1373/2093/1376 1382/2102/1385 
s 8194
f 1422/2142/1425 1421/2141/1424 1386/2106/1389 
s 2342
f 1484/2210/1487 1387/2107/1390 1386/2106/1389 1421/2141/1424 
s 16393
f 1335/2055/1338 1334/2054/1337 1348/2068/1351 
s 16640
f 1482/2208/1485 1496/2222/1499 1348/2068/1351 1334/2054/1337 
s 4113
f 1427/2149/1430 1429/2151/1432 1361/2081/1364 1360/2080/1363 
s 202816
f 1361/2163/1364 1429/2176/1432 1395/2115/1398 
s 6656
f 1380/2100/1383 1394/2114/1397 1339/2059/1342 
s 37184
f 1377/2097/1380 1394/2114/1397 1380/2100/1383 
s 73872
f 1431/2153/1434 1382/2102/1385 1381/2101/1384 1497/2223/1500 
s 82432
f 1350/2070/1353 1497/2223/1500 1381/2101/1384 1351/2071/1354 
s 17410
f 1331/2051/1334 1330/2050/1333 1412/2132/1415 
s 24864
f 1412/2132/1415 1330/2050/1333 1359/2079/1362 
s 1600
f 1449/2172/1452 1407/2127/1410 1439/2161/1442 1472/2198/1475 
s 546
f 1407/2127/1410 1449/2172/1452 1448/2171/1451 1487/2213/1490 
s 2240
f 1498/2224/1501 1367/2087/1370 1341/2145/1344 1478/2225/1481 
s 2052
f 1498/2224/1501 1364/2084/1367 1367/2087/1370 
s 8704
f 1415/2135/1418 1454/2179/1457 1346/2066/1349 
s 524288
f 1366/2086/1369 1454/2179/1457 1415/2135/1418 
s 4096
f 1471/2197/1474 1470/2196/1473 1434/2156/1437 1372/2092/1375 
s 10240
f 1372/2092/1375 1434/2156/1437 1342/2062/1345 
s 288
f 1496/2222/1499 1480/2206/1483 1348/2068/1351 
s 67592
f 1389/2109/1392 1473/2199/1476 1331/2051/1334 
s 11
f 1499/2226/1502 1392/2112/1395 1395/2115/1398 
s 8
f 1489/2215/1492 1499/2226/1502 1395/2115/1398 
s 8704
f 1443/2166/1446 1399/2119/1402 1468/2194/1471 
s 34304
f 1465/2191/1468 1443/2166/1446 1468/2194/1471 1467/2193/1470 
s 32769
f 1495/2221/1498 1500/2227/1503 1492/2218/1495 
s 37120
f 1500/2227/1503 1444/2167/1447 1331/2051/1334 1492/2218/1495 
s 1033
f 1476/2202/1479 1403/2123/1406 1402/2122/1405 1459/2184/1462 1458/2183/1461 
s off
f 1479/2228/1482 1490/2229/1493 1453/2230/1456 1369/2231/1372 1368/2232/1371 1409/2233/1412 1414/2234/1417 1413/2235/1416 1456/2236/1459 1358/2237/1361 1357/2238/1360 1430/2239/1433 1329/2240/1332 1332/2241/1335 1473/2242/1476 1389/2243/1392 1391/2244/1394 1437/2245/1440 1436/2246/1439 1472/2247/1475 1439/2248/1442 1338/2249/1341 1337/2250/1340 1435/2251/1438 1393/2252/1396 1392/2253/1395 1499/2254/1502 1489/2255/1492 1451/2256/1454 1428/2257/1431 1427/2258/1430 1360/2259/1363 1363/2260/1366 1385/2261/1388 1387/2262/1390 1484/2263/1487 1483/2264/1486 1420/2265/1423 1419/2266/1422 1459/2267/1462 1402/2268/1405 1401/2269/1404 1465/2270/1468 1467/2271/1470 1466/2272/1469 1481/2273/1484 1480/2274/1483 1496/2275/1499 1482/2276/1485 1446/2277/1449 1333/2278/1336 1336/2279/1339 1452/2280/1455 1384/2281/1387 1383/2282/1386 1431/2283/1434 1497/2284/1500 1350/2285/1353 1349/2286/1352 1486/2287/1489 1418/2288/1421 1417/2289/1420 1423/2290/1426 
f 1488/2291/1491 1469/2292/1472 1398/2293/1401 1397/2294/1400 1491/2295/1494 1475/2296/1478 1476/2297/1479 1458/2298/1461 1457/2299/1460 1494/2300/1497 1485/2301/1488 1411/2302/1414 1410/2303/1413 1462/2304/1465 1461/2305/1464 1440/2306/1443 1376/2307/1379 1375/2308/1378 1396/2309/1399 1379/2310/1382 1378/2311/1381 1408/2312/1411 1487/2313/1490 1448/2314/1451 1447/2315/1450 1477/2316/1480 1460/2317/1463 1404/2318/1407 1406/2319/1409 1444/2320/1447 1500/2321/1503 1495/2322/1498 1493/2323/1496 1355/2324/1358 1345/2325/1348 1344/2326/1347 1455/2327/1458 1474/2328/1477 1365/2329/1368 1364/2330/1367 1498/2331/1501 1478/2332/1481 1340/2333/1343 1343/2334/1346 1433/2335/1436 1432/2336/1435 1470/2337/1473 1471/2338/1474 1371/2339/1374 1374/2340/1377 1463/2341/1466 1450/2342/1453 1353/2343/1356 1352/2344/1355 1424/2345/1427 1445/2346/1448 1425/2347/1428 1426/2348/1429 1442/2349/1445 
# 123 polygons - 510 triangles

